item_id,item_name,category,folder,grade,tier,badge_grade,archetype,icon_path,file_exists
mat_001,凡品灵草,材料,material,凡品,low,凡品,herb,res://icon/material/mat_001.png,Y
mat_002,百年灵草,材料,material,灵品,low,灵品,herb,res://icon/material/mat_002.png,Y
mat_003,三百年灵草,材料,material,宝品,mid,宝品,herb,res://icon/material/mat_003.png,Y
mat_004,五百年灵草,材料,material,王品,mid,王品,herb,res://icon/material/mat_004.png,Y
mat_005,千年灵草,材料,material,圣品,mid,圣品,herb,res://icon/material/mat_005.png,Y
mat_006,万年灵草,材料,material,仙品,high,仙品,herb,res://icon/material/mat_006.png,Y
mat_007,十万年灵草,材料,material,道品,high,道品,herb,res://icon/material/mat_007.png,Y
mat_008,凡铁矿石,材料,material,凡品,low,凡品,ore,res://icon/material/mat_008.png,Y
mat_009,精铁矿石,材料,material,灵品,low,灵品,ore,res://icon/material/mat_009.png,Y
mat_010,百年玄铁,材料,material,宝品,mid,宝品,ore,res://icon/material/mat_010.png,Y
mat_011,千年玄铁,材料,material,王品,mid,王品,ore,res://icon/material/mat_011.png,Y
mat_012,万年玄铁,材料,material,圣品,mid,圣品,ore,res://icon/material/mat_012.png,Y
mat_013,凡品灵布,材料,material,凡品,low,凡品,fabric,res://icon/material/mat_013.png,Y
mat_014,灵纹布,材料,material,灵品,low,灵品,fabric,res://icon/material/mat_014.png,Y
mat_015,金蚕丝,材料,material,宝品,mid,宝品,fabric,res://icon/material/mat_015.png,Y
mat_016,玄冰蚕丝,材料,material,王品,mid,王品,fabric,res://icon/material/mat_016.png,Y
mat_017,妖兽血,材料,material,凡品,low,凡品,beast,res://icon/material/mat_017.png,Y
mat_018,妖兽皮,材料,material,凡品,low,凡品,beast,res://icon/material/mat_018.png,Y
mat_019,妖兽筋骨,材料,material,灵品,low,灵品,beast,res://icon/material/mat_019.png,Y
mat_020,狐火晶,材料,material,宝品,mid,宝品,beast,res://icon/material/mat_020.png,Y
mat_021,鹏羽,材料,material,王品,mid,王品,beast,res://icon/material/mat_021.png,Y
mat_022,麒麟鳞,材料,material,圣品,mid,圣品,beast,res://icon/material/mat_022.png,Y
mat_023,灵晶,材料,material,灵品,low,灵品,crystal,res://icon/material/mat_023.png,Y
mat_024,玄晶,材料,material,宝品,mid,宝品,crystal,res://icon/material/mat_024.png,Y
mat_025,圣晶,材料,material,圣品,mid,圣品,crystal,res://icon/material/mat_025.png,Y
mat_026,火焰晶石,材料,material,宝品,mid,宝品,crystal,res://icon/material/mat_026.png,Y
mat_027,雷晶石,材料,material,王品,mid,王品,crystal,res://icon/material/mat_027.png,Y
mat_028,灵米,材料,material,凡品,low,凡品,food,res://icon/material/mat_028.png,Y
mat_029,筑基液,材料,material,灵品,low,灵品,mat_special,res://icon/material/mat_029.png,Y
mat_030,元婴髓,材料,material,王品,mid,王品,mat_special,res://icon/material/mat_030.png,Y
mat_031,悟道花,材料,material,圣品,mid,圣品,mat_special,res://icon/material/mat_031.png,Y
mat_032,符文核心,材料,material,宝品,mid,宝品,mat_special,res://icon/material/mat_032.png,Y
pill_001,聚气丹,丹药,pill,凡品,low,凡品,pill,res://icon/pill/pill_001.png,Y
pill_002,凡品中品养元丹,丹药,pill,凡品,low,凡品,pill,res://icon/pill/pill_002.png,Y
pill_003,凡品上品凝气丹,丹药,pill,凡品,low,凡品,pill,res://icon/pill/pill_003.png,Y
pill_004,凡品极品培元丹,丹药,pill,凡品,low,凡品,pill,res://icon/pill/pill_004.png,Y
pill_005,筑基丹,丹药,pill,灵品,low,灵品,pill,res://icon/pill/pill_005.png,Y
pill_006,凡品中品清毒丹,丹药,pill,凡品,low,凡品,pill,res://icon/pill/pill_006.png,Y
pill_007,凡品上品神识丹,丹药,pill,凡品,low,凡品,pill,res://icon/pill/pill_007.png,Y
pill_008,灵品下品养元丹,丹药,pill,灵品,low,灵品,pill,res://icon/pill/pill_008.png,Y
pill_009,灵品中品婴变丹,丹药,pill,灵品,low,灵品,pill,res://icon/pill/pill_009.png,Y
pill_010,灵品上品冲窍丹,丹药,pill,灵品,low,灵品,pill,res://icon/pill/pill_010.png,Y
pill_011,灵品极品聚气丹,丹药,pill,灵品,low,灵品,pill,res://icon/pill/pill_011.png,Y
pill_012,灵品下品清毒丹,丹药,pill,灵品,low,灵品,pill,res://icon/pill/pill_012.png,Y
pill_013,灵品中品神识丹,丹药,pill,灵品,low,灵品,pill,res://icon/pill/pill_013.png,Y
pill_014,灵品上品续命丹,丹药,pill,灵品,low,灵品,pill,res://icon/pill/pill_014.png,Y
pill_015,宝品下品婴变丹,丹药,pill,宝品,mid,宝品,pill,res://icon/pill/pill_015.png,Y
pill_016,宝品中品冲窍丹,丹药,pill,宝品,mid,宝品,pill,res://icon/pill/pill_016.png,Y
pill_017,宝品上品破障丹,丹药,pill,宝品,mid,宝品,pill,res://icon/pill/pill_017.png,Y
pill_018,宝品极品体丹,丹药,pill,宝品,mid,宝品,pill,res://icon/pill/pill_018.png,Y
pill_019,宝品下品凝气丹,丹药,pill,宝品,mid,宝品,pill,res://icon/pill/pill_019.png,Y
pill_020,宝品中品续命丹,丹药,pill,宝品,mid,宝品,pill,res://icon/pill/pill_020.png,Y
pill_021,宝品上品延寿丹,丹药,pill,宝品,mid,宝品,pill,res://icon/pill/pill_021.png,Y
pill_022,王品下品冲窍丹,丹药,pill,王品,mid,王品,pill,res://icon/pill/pill_022.png,Y
pill_023,王品中品力丹,丹药,pill,王品,mid,王品,pill,res://icon/pill/pill_023.png,Y
pill_024,王品上品洗髓丹,丹药,pill,王品,mid,王品,pill,res://icon/pill/pill_024.png,Y
pill_025,王品极品凝气丹,丹药,pill,王品,mid,王品,pill,res://icon/pill/pill_025.png,Y
pill_026,王品下品续命丹,丹药,pill,王品,mid,王品,pill,res://icon/pill/pill_026.png,Y
pill_027,王品中品破障丹,丹药,pill,王品,mid,王品,pill,res://icon/pill/pill_027.png,Y
pill_028,圣品下品延寿丹,丹药,pill,圣品,mid,圣品,pill,res://icon/pill/pill_028.png,Y
pill_029,圣品中品固金丹,丹药,pill,圣品,mid,圣品,pill,res://icon/pill/pill_029.png,Y
pill_030,圣品上品神识丹,丹药,pill,圣品,mid,圣品,pill,res://icon/pill/pill_030.png,Y
pill_031,圣品极品续命丹,丹药,pill,圣品,mid,圣品,pill,res://icon/pill/pill_031.png,Y
pill_032,圣品下品破障丹,丹药,pill,圣品,mid,圣品,pill,res://icon/pill/pill_032.png,Y
pill_033,圣品中品洗髓丹,丹药,pill,圣品,mid,圣品,pill,res://icon/pill/pill_033.png,Y
pill_034,仙品下品固金丹,丹药,pill,仙品,high,仙品,pill,res://icon/pill/pill_034.png,Y
pill_035,仙品中品神识丹,丹药,pill,仙品,high,仙品,pill,res://icon/pill/pill_035.png,Y
pill_036,仙品上品化劫丹,丹药,pill,仙品,high,仙品,pill,res://icon/pill/pill_036.png,Y
pill_037,仙品极品回血丹,丹药,pill,仙品,high,仙品,pill,res://icon/pill/pill_037.png,Y
pill_038,道品极品洗髓丹,丹药,pill,道品,high,道品,pill,res://icon/pill/pill_038.png,Y
pill_039,道品上品破障丹,丹药,pill,道品,high,道品,pill,res://icon/pill/pill_039.png,Y
pill_040,清颜露·凡品,丹药,pill,凡品,low,凡品,pill,res://icon/pill/pill_040.png,Y
pill_041,清颜露·灵品,丹药,pill,灵品,low,灵品,pill,res://icon/pill/pill_041.png,Y
pill_042,清颜露·宝品,丹药,pill,宝品,mid,宝品,pill,res://icon/pill/pill_042.png,Y
pill_043,清颜露·王品,丹药,pill,王品,mid,王品,pill,res://icon/pill/pill_043.png,Y
pill_044,驻颜丹,丹药,pill,灵品,low,灵品,pill,res://icon/pill/pill_044.png,Y
tal_001,凡品下品火球符,符箓,talisman,凡品,low,凡品,talisman,res://icon/talisman/tal_001.png,Y
tal_002,凡品中品金刚符,符箓,talisman,凡品,low,凡品,talisman,res://icon/talisman/tal_002.png,Y
tal_003,凡品上品聚灵符,符箓,talisman,凡品,low,凡品,talisman,res://icon/talisman/tal_003.png,Y
tal_004,凡品极品冰冻符,符箓,talisman,凡品,low,凡品,talisman,res://icon/talisman/tal_004.png,Y
tal_005,灵品下品金刚符,符箓,talisman,灵品,low,灵品,talisman,res://icon/talisman/tal_005.png,Y
tal_006,灵品中品聚灵符,符箓,talisman,灵品,low,灵品,talisman,res://icon/talisman/tal_006.png,Y
tal_007,灵品上品冰冻符,符箓,talisman,灵品,low,灵品,talisman,res://icon/talisman/tal_007.png,Y
tal_008,灵品极品隐身符,符箓,talisman,灵品,low,灵品,talisman,res://icon/talisman/tal_008.png,Y
tal_009,宝品下品聚灵符,符箓,talisman,宝品,mid,宝品,talisman,res://icon/talisman/tal_009.png,Y
tal_010,宝品中品冰冻符,符箓,talisman,宝品,mid,宝品,talisman,res://icon/talisman/tal_010.png,Y
tal_011,宝品上品隐身符,符箓,talisman,宝品,mid,宝品,talisman,res://icon/talisman/tal_011.png,Y
tal_012,宝品极品天火符,符箓,talisman,宝品,mid,宝品,talisman,res://icon/talisman/tal_012.png,Y
tal_013,王品下品冰冻符,符箓,talisman,王品,mid,王品,talisman,res://icon/talisman/tal_013.png,Y
tal_014,王品中品隐身符,符箓,talisman,王品,mid,王品,talisman,res://icon/talisman/tal_014.png,Y
tal_015,王品上品天火符,符箓,talisman,王品,mid,王品,talisman,res://icon/talisman/tal_015.png,Y
tal_016,王品极品护盾符,符箓,talisman,王品,mid,王品,talisman,res://icon/talisman/tal_016.png,Y
tal_017,圣品下品隐身符,符箓,talisman,圣品,mid,圣品,talisman,res://icon/talisman/tal_017.png,Y
tal_018,圣品中品天火符,符箓,talisman,圣品,mid,圣品,talisman,res://icon/talisman/tal_018.png,Y
tal_019,圣品上品护盾符,符箓,talisman,圣品,mid,圣品,talisman,res://icon/talisman/tal_019.png,Y
tal_020,圣品极品清心符,符箓,talisman,圣品,mid,圣品,talisman,res://icon/talisman/tal_020.png,Y
tal_021,仙品下品天火符,符箓,talisman,仙品,high,仙品,talisman,res://icon/talisman/tal_021.png,Y
tal_022,仙品中品护盾符,符箓,talisman,仙品,high,仙品,talisman,res://icon/talisman/tal_022.png,Y
tal_023,仙品上品清心符,符箓,talisman,仙品,high,仙品,talisman,res://icon/talisman/tal_023.png,Y
tal_024,仙品极品卸力符,符箓,talisman,仙品,high,仙品,talisman,res://icon/talisman/tal_024.png,Y
tal_025,道品下品护盾符,符箓,talisman,道品,high,道品,talisman,res://icon/talisman/tal_025.png,Y
tal_026,道品中品清心符,符箓,talisman,道品,high,道品,talisman,res://icon/talisman/tal_026.png,Y
tal_027,道品上品卸力符,符箓,talisman,道品,high,道品,talisman,res://icon/talisman/tal_027.png,Y
tal_028,道品极品传送符,符箓,talisman,道品,high,道品,talisman,res://icon/talisman/tal_028.png,Y
tal_029,道品极品冰冻符,符箓,talisman,道品,high,道品,talisman,res://icon/talisman/tal_029.png,Y
tal_030,道品极品传送符,符箓,talisman,道品,high,道品,talisman,res://icon/talisman/tal_030.png,Y
tal_031,道品极品火球符,符箓,talisman,道品,high,道品,talisman,res://icon/talisman/tal_031.png,Y
tal_032,道品极品护盾符,符箓,talisman,道品,high,道品,talisman,res://icon/talisman/tal_032.png,Y
tal_033,道品极品加速符,符箓,talisman,道品,high,道品,talisman,res://icon/talisman/tal_033.png,Y
tal_034,道品极品冰冻符,符箓,talisman,道品,high,道品,talisman,res://icon/talisman/tal_034.png,Y
tal_035,道品极品传送符,符箓,talisman,道品,high,道品,talisman,res://icon/talisman/tal_035.png,Y
tal_036,道品极品火球符,符箓,talisman,道品,high,道品,talisman,res://icon/talisman/tal_036.png,Y
tal_037,道品极品护盾符,符箓,talisman,道品,high,道品,talisman,res://icon/talisman/tal_037.png,Y
eq_001,凡品下品武器,装备,equip,凡品,low,凡品,weapon,res://icon/equip/eq_001.png,Y
eq_002,凡品中品法袍,装备,equip,凡品,low,凡品,robe,res://icon/equip/eq_002.png,Y
eq_003,凡品上品头盔,装备,equip,凡品,low,凡品,helmet,res://icon/equip/eq_003.png,Y
eq_004,凡品极品护腕,装备,equip,凡品,low,凡品,bracer,res://icon/equip/eq_004.png,Y
eq_005,凡品下品腰带,装备,equip,凡品,low,凡品,belt,res://icon/equip/eq_005.png,Y
eq_006,凡品中品靴子,装备,equip,凡品,low,凡品,boot,res://icon/equip/eq_006.png,Y
eq_007,灵品下品法袍,装备,equip,灵品,low,灵品,robe,res://icon/equip/eq_007.png,Y
eq_008,灵品中品头盔,装备,equip,灵品,low,灵品,helmet,res://icon/equip/eq_008.png,Y
eq_009,灵品上品护腕,装备,equip,灵品,low,灵品,bracer,res://icon/equip/eq_009.png,Y
eq_010,灵品极品腰带,装备,equip,灵品,low,灵品,belt,res://icon/equip/eq_010.png,Y
eq_011,灵品下品靴子,装备,equip,灵品,low,灵品,boot,res://icon/equip/eq_011.png,Y
eq_012,灵品中品饰品,装备,equip,灵品,low,灵品,accessory,res://icon/equip/eq_012.png,Y
eq_013,宝品下品头盔,装备,equip,宝品,mid,宝品,helmet,res://icon/equip/eq_013.png,Y
eq_014,宝品中品护腕,装备,equip,宝品,mid,宝品,bracer,res://icon/equip/eq_014.png,Y
eq_015,宝品上品腰带,装备,equip,宝品,mid,宝品,belt,res://icon/equip/eq_015.png,Y
eq_016,宝品极品靴子,装备,equip,宝品,mid,宝品,boot,res://icon/equip/eq_016.png,Y
eq_017,宝品下品饰品,装备,equip,宝品,mid,宝品,accessory,res://icon/equip/eq_017.png,Y
eq_018,宝品中品武器,装备,equip,宝品,mid,宝品,weapon,res://icon/equip/eq_018.png,Y
eq_019,王品下品护腕,装备,equip,王品,mid,王品,bracer,res://icon/equip/eq_019.png,Y
eq_020,王品中品腰带,装备,equip,王品,mid,王品,belt,res://icon/equip/eq_020.png,Y
eq_021,王品上品靴子,装备,equip,王品,mid,王品,boot,res://icon/equip/eq_021.png,Y
eq_022,王品极品饰品,装备,equip,王品,mid,王品,accessory,res://icon/equip/eq_022.png,Y
eq_023,王品下品武器,装备,equip,王品,mid,王品,weapon,res://icon/equip/eq_023.png,Y
eq_024,王品中品法袍,装备,equip,王品,mid,王品,robe,res://icon/equip/eq_024.png,Y
eq_025,圣品下品腰带,装备,equip,圣品,mid,圣品,belt,res://icon/equip/eq_025.png,Y
eq_026,圣品中品靴子,装备,equip,圣品,mid,圣品,boot,res://icon/equip/eq_026.png,Y
eq_027,圣品上品饰品,装备,equip,圣品,mid,圣品,accessory,res://icon/equip/eq_027.png,Y
eq_028,圣品极品武器,装备,equip,圣品,mid,圣品,weapon,res://icon/equip/eq_028.png,Y
eq_029,圣品下品法袍,装备,equip,圣品,mid,圣品,robe,res://icon/equip/eq_029.png,Y
eq_030,圣品中品头盔,装备,equip,圣品,mid,圣品,helmet,res://icon/equip/eq_030.png,Y
eq_031,仙品下品靴子,装备,equip,仙品,high,仙品,boot,res://icon/equip/eq_031.png,Y
eq_032,仙品中品饰品,装备,equip,仙品,high,仙品,accessory,res://icon/equip/eq_032.png,Y
eq_033,仙品上品武器,装备,equip,仙品,high,仙品,weapon,res://icon/equip/eq_033.png,Y
eq_034,仙品极品法袍,装备,equip,仙品,high,仙品,robe,res://icon/equip/eq_034.png,Y
eq_035,仙品下品头盔,装备,equip,仙品,high,仙品,helmet,res://icon/equip/eq_035.png,Y
eq_036,仙品中品护腕,装备,equip,仙品,high,仙品,bracer,res://icon/equip/eq_036.png,Y
eq_037,仙品上品腰带,装备,equip,仙品,high,仙品,belt,res://icon/equip/eq_037.png,Y
eq_038,道品下品饰品,装备,equip,道品,high,道品,accessory,res://icon/equip/eq_038.png,Y
eq_039,道品中品武器,装备,equip,道品,high,道品,weapon,res://icon/equip/eq_039.png,Y
eq_040,道品上品法袍,装备,equip,道品,high,道品,robe,res://icon/equip/eq_040.png,Y
eq_041,道品极品头盔,装备,equip,道品,high,道品,helmet,res://icon/equip/eq_041.png,Y
eq_042,道品下品护腕,装备,equip,道品,high,道品,bracer,res://icon/equip/eq_042.png,Y
eq_043,道品中品腰带,装备,equip,道品,high,道品,belt,res://icon/equip/eq_043.png,Y
eq_044,道品上品靴子,装备,equip,道品,high,道品,boot,res://icon/equip/eq_044.png,Y
eq_045,凡品下品法宝,装备,equip,凡品,low,凡品,weapon,res://icon/equip/eq_045.png,Y
bp_001,凡品下品装备图纸,装备图纸,equip_blueprint,凡品,low,凡品,blueprint,res://icon/equip_blueprint/bp_001.png,Y
bp_002,凡品中品装备图纸,装备图纸,equip_blueprint,凡品,low,凡品,blueprint,res://icon/equip_blueprint/bp_002.png,Y
bp_003,凡品上品装备图纸,装备图纸,equip_blueprint,凡品,low,凡品,blueprint,res://icon/equip_blueprint/bp_003.png,Y
bp_004,灵品下品装备图纸,装备图纸,equip_blueprint,灵品,low,灵品,blueprint,res://icon/equip_blueprint/bp_004.png,Y
bp_005,灵品中品装备图纸,装备图纸,equip_blueprint,灵品,low,灵品,blueprint,res://icon/equip_blueprint/bp_005.png,Y
bp_006,灵品上品装备图纸,装备图纸,equip_blueprint,灵品,low,灵品,blueprint,res://icon/equip_blueprint/bp_006.png,Y
bp_007,宝品下品装备图纸,装备图纸,equip_blueprint,宝品,mid,宝品,blueprint,res://icon/equip_blueprint/bp_007.png,Y
bp_008,宝品中品装备图纸,装备图纸,equip_blueprint,宝品,mid,宝品,blueprint,res://icon/equip_blueprint/bp_008.png,Y
bp_009,宝品上品装备图纸,装备图纸,equip_blueprint,宝品,mid,宝品,blueprint,res://icon/equip_blueprint/bp_009.png,Y
bp_010,王品下品装备图纸,装备图纸,equip_blueprint,王品,mid,王品,blueprint,res://icon/equip_blueprint/bp_010.png,Y
bp_011,王品中品装备图纸,装备图纸,equip_blueprint,王品,mid,王品,blueprint,res://icon/equip_blueprint/bp_011.png,Y
bp_012,王品上品装备图纸,装备图纸,equip_blueprint,王品,mid,王品,blueprint,res://icon/equip_blueprint/bp_012.png,Y
bp_013,圣品下品装备图纸,装备图纸,equip_blueprint,圣品,mid,圣品,blueprint,res://icon/equip_blueprint/bp_013.png,Y
bp_014,圣品中品装备图纸,装备图纸,equip_blueprint,圣品,mid,圣品,blueprint,res://icon/equip_blueprint/bp_014.png,Y
bp_015,圣品上品装备图纸,装备图纸,equip_blueprint,圣品,mid,圣品,blueprint,res://icon/equip_blueprint/bp_015.png,Y
bp_016,仙品下品装备图纸,装备图纸,equip_blueprint,仙品,high,仙品,blueprint,res://icon/equip_blueprint/bp_016.png,Y
bp_017,仙品中品装备图纸,装备图纸,equip_blueprint,仙品,high,仙品,blueprint,res://icon/equip_blueprint/bp_017.png,Y
bp_018,道品下品装备图纸,装备图纸,equip_blueprint,道品,high,道品,blueprint,res://icon/equip_blueprint/bp_018.png,Y
bp_019,道品中品装备图纸,装备图纸,equip_blueprint,道品,high,道品,blueprint,res://icon/equip_blueprint/bp_019.png,Y
set_001_下品,青锋套,装备套装,equip_set,凡品,low,凡品,setpiece,res://icon/equip_set/set_001_下品.png,Y
set_001_中品,青锋套,装备套装,equip_set,凡品,low,凡品,setpiece,res://icon/equip_set/set_001_中品.png,Y
set_001_上品,青锋套,装备套装,equip_set,凡品,low,凡品,setpiece,res://icon/equip_set/set_001_上品.png,Y
set_001_极品,青锋套,装备套装,equip_set,凡品,low,凡品,setpiece,res://icon/equip_set/set_001_极品.png,Y
set_002_下品,玄灵套,装备套装,equip_set,灵品,low,灵品,setpiece,res://icon/equip_set/set_002_下品.png,Y
set_002_中品,玄灵套,装备套装,equip_set,灵品,low,灵品,setpiece,res://icon/equip_set/set_002_中品.png,Y
set_002_上品,玄灵套,装备套装,equip_set,灵品,low,灵品,setpiece,res://icon/equip_set/set_002_上品.png,Y
set_002_极品,玄灵套,装备套装,equip_set,灵品,low,灵品,setpiece,res://icon/equip_set/set_002_极品.png,Y
set_003_下品,玄金套,装备套装,equip_set,宝品,mid,宝品,setpiece,res://icon/equip_set/set_003_下品.png,Y
set_003_中品,玄金套,装备套装,equip_set,宝品,mid,宝品,setpiece,res://icon/equip_set/set_003_中品.png,Y
set_003_上品,玄金套,装备套装,equip_set,宝品,mid,宝品,setpiece,res://icon/equip_set/set_003_上品.png,Y
set_003_极品,玄金套,装备套装,equip_set,宝品,mid,宝品,setpiece,res://icon/equip_set/set_003_极品.png,Y
set_004_下品,裂山套,装备套装,equip_set,宝品,mid,宝品,setpiece,res://icon/equip_set/set_004_下品.png,Y
set_004_中品,裂山套,装备套装,equip_set,宝品,mid,宝品,setpiece,res://icon/equip_set/set_004_中品.png,Y
set_004_上品,裂山套,装备套装,equip_set,宝品,mid,宝品,setpiece,res://icon/equip_set/set_004_上品.png,Y
set_004_极品,裂山套,装备套装,equip_set,宝品,mid,宝品,setpiece,res://icon/equip_set/set_004_极品.png,Y
set_005_下品,紫焰套,装备套装,equip_set,宝品,mid,宝品,setpiece,res://icon/equip_set/set_005_下品.png,Y
set_005_中品,紫焰套,装备套装,equip_set,宝品,mid,宝品,setpiece,res://icon/equip_set/set_005_中品.png,Y
set_005_上品,紫焰套,装备套装,equip_set,宝品,mid,宝品,setpiece,res://icon/equip_set/set_005_上品.png,Y
set_005_极品,紫焰套,装备套装,equip_set,宝品,mid,宝品,setpiece,res://icon/equip_set/set_005_极品.png,Y
set_006_下品,太虚套,装备套装,equip_set,王品,mid,王品,setpiece,res://icon/equip_set/set_006_下品.png,Y
set_006_中品,太虚套,装备套装,equip_set,王品,mid,王品,setpiece,res://icon/equip_set/set_006_中品.png,Y
set_006_上品,太虚套,装备套装,equip_set,王品,mid,王品,setpiece,res://icon/equip_set/set_006_上品.png,Y
set_006_极品,太虚套,装备套装,equip_set,王品,mid,王品,setpiece,res://icon/equip_set/set_006_极品.png,Y
set_007_下品,破军套,装备套装,equip_set,王品,mid,王品,setpiece,res://icon/equip_set/set_007_下品.png,Y
set_007_中品,破军套,装备套装,equip_set,王品,mid,王品,setpiece,res://icon/equip_set/set_007_中品.png,Y
set_007_上品,破军套,装备套装,equip_set,王品,mid,王品,setpiece,res://icon/equip_set/set_007_上品.png,Y
set_007_极品,破军套,装备套装,equip_set,王品,mid,王品,setpiece,res://icon/equip_set/set_007_极品.png,Y
set_008_下品,玄冥套,装备套装,equip_set,王品,mid,王品,setpiece,res://icon/equip_set/set_008_下品.png,Y
set_008_中品,玄冥套,装备套装,equip_set,王品,mid,王品,setpiece,res://icon/equip_set/set_008_中品.png,Y
set_008_上品,玄冥套,装备套装,equip_set,王品,mid,王品,setpiece,res://icon/equip_set/set_008_上品.png,Y
set_008_极品,玄冥套,装备套装,equip_set,王品,mid,王品,setpiece,res://icon/equip_set/set_008_极品.png,Y
set_009_下品,玄黄套,装备套装,equip_set,王品,mid,王品,setpiece,res://icon/equip_set/set_009_下品.png,Y
set_009_中品,玄黄套,装备套装,equip_set,王品,mid,王品,setpiece,res://icon/equip_set/set_009_中品.png,Y
set_009_上品,玄黄套,装备套装,equip_set,王品,mid,王品,setpiece,res://icon/equip_set/set_009_上品.png,Y
set_009_极品,玄黄套,装备套装,equip_set,王品,mid,王品,setpiece,res://icon/equip_set/set_009_极品.png,Y
sk_001,凡品下品斩风诀,功法,skill,凡品,low,凡品,scripture,res://icon/skill/sk_001.png,Y
sk_002,凡品中品寒冰锁,功法,skill,凡品,low,凡品,scripture,res://icon/skill/sk_002.png,Y
sk_003,凡品上品守元术,功法,skill,凡品,low,凡品,scripture,res://icon/skill/sk_003.png,Y
sk_004,凡品极品太初经,功法,skill,凡品,low,凡品,scripture,res://icon/skill/sk_004.png,Y
sk_005,凡品下品斩风诀,功法,skill,凡品,low,凡品,scripture,res://icon/skill/sk_005.png,Y
sk_006,凡品中品寒冰锁,功法,skill,凡品,low,凡品,scripture,res://icon/skill/sk_006.png,Y
sk_007,灵品下品寒冰锁,功法,skill,灵品,low,灵品,scripture,res://icon/skill/sk_007.png,Y
sk_008,灵品中品守元术,功法,skill,灵品,low,灵品,scripture,res://icon/skill/sk_008.png,Y
sk_009,灵品上品太初经,功法,skill,灵品,low,灵品,scripture,res://icon/skill/sk_009.png,Y
sk_010,灵品极品斩风诀,功法,skill,灵品,low,灵品,scripture,res://icon/skill/sk_010.png,Y
sk_011,灵品下品寒冰锁,功法,skill,灵品,low,灵品,scripture,res://icon/skill/sk_011.png,Y
sk_012,灵品中品守元术,功法,skill,灵品,low,灵品,scripture,res://icon/skill/sk_012.png,Y
sk_013,宝品下品守元术,功法,skill,宝品,mid,宝品,scripture,res://icon/skill/sk_013.png,Y
sk_014,宝品中品太初经,功法,skill,宝品,mid,宝品,scripture,res://icon/skill/sk_014.png,Y
sk_015,宝品上品斩风诀,功法,skill,宝品,mid,宝品,scripture,res://icon/skill/sk_015.png,Y
sk_016,宝品极品寒冰锁,功法,skill,宝品,mid,宝品,scripture,res://icon/skill/sk_016.png,Y
sk_017,宝品下品守元术,功法,skill,宝品,mid,宝品,scripture,res://icon/skill/sk_017.png,Y
sk_018,宝品中品太初经,功法,skill,宝品,mid,宝品,scripture,res://icon/skill/sk_018.png,Y
sk_019,王品下品太初经,功法,skill,王品,mid,王品,scripture,res://icon/skill/sk_019.png,Y
sk_020,王品中品斩风诀,功法,skill,王品,mid,王品,scripture,res://icon/skill/sk_020.png,Y
sk_021,王品上品寒冰锁,功法,skill,王品,mid,王品,scripture,res://icon/skill/sk_021.png,Y
sk_022,王品极品守元术,功法,skill,王品,mid,王品,scripture,res://icon/skill/sk_022.png,Y
sk_023,王品下品太初经,功法,skill,王品,mid,王品,scripture,res://icon/skill/sk_023.png,Y
sk_024,王品中品斩风诀,功法,skill,王品,mid,王品,scripture,res://icon/skill/sk_024.png,Y
sk_025,圣品下品斩风诀,功法,skill,圣品,mid,圣品,scripture,res://icon/skill/sk_025.png,Y
sk_026,圣品中品寒冰锁,功法,skill,圣品,mid,圣品,scripture,res://icon/skill/sk_026.png,Y
sk_027,圣品上品守元术,功法,skill,圣品,mid,圣品,scripture,res://icon/skill/sk_027.png,Y
sk_028,圣品极品太初经,功法,skill,圣品,mid,圣品,scripture,res://icon/skill/sk_028.png,Y
sk_029,圣品下品斩风诀,功法,skill,圣品,mid,圣品,scripture,res://icon/skill/sk_029.png,Y
sk_030,仙品下品寒冰锁,功法,skill,仙品,high,仙品,scripture,res://icon/skill/sk_030.png,Y
sk_031,仙品中品守元术,功法,skill,仙品,high,仙品,scripture,res://icon/skill/sk_031.png,Y
sk_032,仙品上品太初经,功法,skill,仙品,high,仙品,scripture,res://icon/skill/sk_032.png,Y
sk_033,仙品极品斩风诀,功法,skill,仙品,high,仙品,scripture,res://icon/skill/sk_033.png,Y
sk_034,仙品下品寒冰锁,功法,skill,仙品,high,仙品,scripture,res://icon/skill/sk_034.png,Y
sk_035,道品下品守元术,功法,skill,道品,high,道品,scripture,res://icon/skill/sk_035.png,Y
sk_036,道品中品太初经,功法,skill,道品,high,道品,scripture,res://icon/skill/sk_036.png,Y
sk_037,道品上品斩风诀,功法,skill,道品,high,道品,scripture,res://icon/skill/sk_037.png,Y
sk_038,道品极品寒冰锁,功法,skill,道品,high,道品,scripture,res://icon/skill/sk_038.png,Y
sk_039,道品下品守元术,功法,skill,道品,high,道品,scripture,res://icon/skill/sk_039.png,Y
item_015,阵纹碎片,阵图/碎片,array,凡品,low,凡品,array_book,res://icon/array/item_015.png,Y
item_016,五行聚灵阵图,阵图/碎片,array,凡品,low,凡品,array_book,res://icon/array/book/item_016.png,Y
item_017,金锋御敌阵图,阵图/碎片,array,凡品,low,凡品,array_book,res://icon/array/book/item_017.png,Y
item_018,玄龟守元阵图,阵图/碎片,array,凡品,low,凡品,array_book,res://icon/array/book/item_018.png,Y
item_019,疾风掠影阵图,阵图/碎片,array,凡品,low,凡品,array_book,res://icon/array/book/item_019.png,Y
item_020,太虚护体阵图,阵图/碎片,array,灵品,low,灵品,array_book,res://icon/array/book/item_020.png,Y
item_021,破妄锐金阵图,阵图/碎片,array,灵品,low,灵品,array_book,res://icon/array/book/item_021.png,Y
item_022,迷踪幻影阵图,阵图/碎片,array,灵品,low,灵品,array_book,res://icon/array/book/item_022.png,Y
item_023,九转回春阵图,阵图/碎片,array,宝品,mid,宝品,array_book,res://icon/array/book/item_023.png,Y
item_024,灵泉涌动阵图,阵图/碎片,array,宝品,mid,宝品,array_book,res://icon/array/book/item_024.png,Y
item_025,周天混元阵图,阵图/碎片,array,宝品,mid,宝品,array_book,res://icon/array/book/item_025.png,Y
item_026,两仪协攻阵图,阵图/碎片,array,凡品,low,凡品,array_book,res://icon/array/book/item_026.png,Y
item_027,三才守御阵图,阵图/碎片,array,凡品,low,凡品,array_book,res://icon/array/book/item_027.png,Y
item_028,四象聚灵阵图,阵图/碎片,array,灵品,low,灵品,array_book,res://icon/array/book/item_028.png,Y
item_029,五岳镇魔阵图,阵图/碎片,array,灵品,low,灵品,array_book,res://icon/array/book/item_029.png,Y
item_030,七星破阵图,阵图/碎片,array,宝品,mid,宝品,array_book,res://icon/array/book/item_030.png,Y
item_031,周天同心阵图,阵图/碎片,array,宝品,mid,宝品,array_book,res://icon/array/book/item_031.png,Y
item_032,护山大阵图,阵图/碎片,array,宝品,mid,宝品,array_book,res://icon/array/book/item_032.png,Y
item_033,聚灵大阵图,阵图/碎片,array,宝品,mid,宝品,array_book,res://icon/array/book/item_033.png,Y
item_034,镇煞安宗阵图,阵图/碎片,array,灵品,low,灵品,array_book,res://icon/array/book/item_034.png,Y
item_035,玄空传送阵图,阵图/碎片,array,宝品,mid,宝品,array_book,res://icon/array/book/item_035.png,Y
inn_001,宝品下品本命剑,本命法宝,treasure_innate,宝品,mid,宝品,sword,res://icon/treasure_innate/inn_001.png,Y
inn_002,宝品中品本命塔,本命法宝,treasure_innate,宝品,mid,宝品,tower,res://icon/treasure_innate/inn_002.png,Y
inn_003,宝品上品本命镜,本命法宝,treasure_innate,宝品,mid,宝品,mirror,res://icon/treasure_innate/inn_003.png,Y
inn_004,宝品极品本命幡,本命法宝,treasure_innate,宝品,mid,宝品,flag,res://icon/treasure_innate/inn_004.png,Y
inn_005,宝品下品本命珠,本命法宝,treasure_innate,宝品,mid,宝品,orb,res://icon/treasure_innate/inn_005.png,Y
inn_006,王品中品本命剑,本命法宝,treasure_innate,王品,mid,王品,sword,res://icon/treasure_innate/inn_006.png,Y
inn_007,王品上品本命塔,本命法宝,treasure_innate,王品,mid,王品,tower,res://icon/treasure_innate/inn_007.png,Y
inn_008,王品极品本命镜,本命法宝,treasure_innate,王品,mid,王品,mirror,res://icon/treasure_innate/inn_008.png,Y
inn_009,王品下品本命幡,本命法宝,treasure_innate,王品,mid,王品,flag,res://icon/treasure_innate/inn_009.png,Y
inn_010,王品中品本命珠,本命法宝,treasure_innate,王品,mid,王品,orb,res://icon/treasure_innate/inn_010.png,Y
inn_011,圣品上品本命剑,本命法宝,treasure_innate,圣品,mid,圣品,sword,res://icon/treasure_innate/inn_011.png,Y
inn_012,圣品极品本命塔,本命法宝,treasure_innate,圣品,mid,圣品,tower,res://icon/treasure_innate/inn_012.png,Y
inn_013,圣品下品本命镜,本命法宝,treasure_innate,圣品,mid,圣品,mirror,res://icon/treasure_innate/inn_013.png,Y
inn_014,圣品中品本命幡,本命法宝,treasure_innate,圣品,mid,圣品,flag,res://icon/treasure_innate/inn_014.png,Y
inn_015,圣品上品本命珠,本命法宝,treasure_innate,圣品,mid,圣品,orb,res://icon/treasure_innate/inn_015.png,Y
inn_016,仙品极品本命剑,本命法宝,treasure_innate,仙品,high,仙品,sword,res://icon/treasure_innate/inn_016.png,Y
inn_017,仙品下品本命塔,本命法宝,treasure_innate,仙品,high,仙品,tower,res://icon/treasure_innate/inn_017.png,Y
inn_018,仙品中品本命镜,本命法宝,treasure_innate,仙品,high,仙品,mirror,res://icon/treasure_innate/inn_018.png,Y
inn_019,仙品上品本命幡,本命法宝,treasure_innate,仙品,high,仙品,flag,res://icon/treasure_innate/inn_019.png,Y
inn_020,仙品极品本命珠,本命法宝,treasure_innate,仙品,high,仙品,orb,res://icon/treasure_innate/inn_020.png,Y
inn_021,道品下品本命剑,本命法宝,treasure_innate,道品,high,道品,sword,res://icon/treasure_innate/inn_021.png,Y
inn_022,道品中品本命塔,本命法宝,treasure_innate,道品,high,道品,tower,res://icon/treasure_innate/inn_022.png,Y
inn_023,道品上品本命镜,本命法宝,treasure_innate,道品,high,道品,mirror,res://icon/treasure_innate/inn_023.png,Y
inn_024,道品极品本命幡,本命法宝,treasure_innate,道品,high,道品,flag,res://icon/treasure_innate/inn_024.png,Y
inn_025,道品下品本命珠,本命法宝,treasure_innate,道品,high,道品,orb,res://icon/treasure_innate/inn_025.png,Y
tr_001,凡品下品赤焰珠,普通法宝,treasure,凡品,low,凡品,treasure_atk,res://icon/treasure/tr_001.png,Y
tr_002,凡品中品玄武镜,普通法宝,treasure,凡品,low,凡品,treasure_def,res://icon/treasure/tr_002.png,Y
tr_003,凡品上品聚灵葫,普通法宝,treasure,凡品,low,凡品,treasure_sup,res://icon/treasure/tr_003.png,Y
tr_004,凡品极品赤焰珠,普通法宝,treasure,凡品,low,凡品,treasure_atk,res://icon/treasure/tr_004.png,Y
tr_005,灵品下品玄武镜,普通法宝,treasure,灵品,low,灵品,treasure_def,res://icon/treasure/tr_005.png,Y
tr_006,灵品中品聚灵葫,普通法宝,treasure,灵品,low,灵品,treasure_sup,res://icon/treasure/tr_006.png,Y
tr_007,灵品上品赤焰珠,普通法宝,treasure,灵品,low,灵品,treasure_atk,res://icon/treasure/tr_007.png,Y
tr_008,灵品极品玄武镜,普通法宝,treasure,灵品,low,灵品,treasure_def,res://icon/treasure/tr_008.png,Y
tr_009,宝品下品聚灵葫,普通法宝,treasure,宝品,mid,宝品,treasure_sup,res://icon/treasure/tr_009.png,Y
tr_010,宝品中品赤焰珠,普通法宝,treasure,宝品,mid,宝品,treasure_atk,res://icon/treasure/tr_010.png,Y
tr_011,宝品上品玄武镜,普通法宝,treasure,宝品,mid,宝品,treasure_def,res://icon/treasure/tr_011.png,Y
tr_012,宝品极品聚灵葫,普通法宝,treasure,宝品,mid,宝品,treasure_sup,res://icon/treasure/tr_012.png,Y
tr_013,王品下品赤焰珠,普通法宝,treasure,王品,mid,王品,treasure_atk,res://icon/treasure/tr_013.png,Y
tr_014,王品中品玄武镜,普通法宝,treasure,王品,mid,王品,treasure_def,res://icon/treasure/tr_014.png,Y
tr_015,王品上品聚灵葫,普通法宝,treasure,王品,mid,王品,treasure_sup,res://icon/treasure/tr_015.png,Y
tr_016,王品极品赤焰珠,普通法宝,treasure,王品,mid,王品,treasure_atk,res://icon/treasure/tr_016.png,Y
tr_017,圣品下品玄武镜,普通法宝,treasure,圣品,mid,圣品,treasure_def,res://icon/treasure/tr_017.png,Y
tr_018,圣品中品聚灵葫,普通法宝,treasure,圣品,mid,圣品,treasure_sup,res://icon/treasure/tr_018.png,Y
tr_019,圣品上品赤焰珠,普通法宝,treasure,圣品,mid,圣品,treasure_atk,res://icon/treasure/tr_019.png,Y
tr_020,圣品极品玄武镜,普通法宝,treasure,圣品,mid,圣品,treasure_def,res://icon/treasure/tr_020.png,Y
tr_021,仙品下品聚灵葫,普通法宝,treasure,仙品,high,仙品,treasure_sup,res://icon/treasure/tr_021.png,Y
tr_022,仙品中品赤焰珠,普通法宝,treasure,仙品,high,仙品,treasure_atk,res://icon/treasure/tr_022.png,Y
tr_023,仙品上品玄武镜,普通法宝,treasure,仙品,high,仙品,treasure_def,res://icon/treasure/tr_023.png,Y
tr_024,仙品极品聚灵葫,普通法宝,treasure,仙品,high,仙品,treasure_sup,res://icon/treasure/tr_024.png,Y
tr_025,道品下品赤焰珠,普通法宝,treasure,道品,high,道品,treasure_atk,res://icon/treasure/tr_025.png,Y
tr_026,道品中品玄武镜,普通法宝,treasure,道品,high,道品,treasure_def,res://icon/treasure/tr_026.png,Y
tr_027,道品上品聚灵葫,普通法宝,treasure,道品,high,道品,treasure_sup,res://icon/treasure/tr_027.png,Y
tr_028,道品极品赤焰珠,普通法宝,treasure,道品,high,道品,treasure_atk,res://icon/treasure/tr_028.png,Y
tr_029,凡品下品玄武镜·异,普通法宝,treasure,凡品,low,凡品,treasure_def,res://icon/treasure/tr_029.png,Y
tr_030,灵品上品玄武镜·异,普通法宝,treasure,灵品,low,灵品,treasure_def,res://icon/treasure/tr_030.png,Y
tr_031,凡品下品玄武镜·异,普通法宝,treasure,凡品,low,凡品,treasure_def,res://icon/treasure/tr_031.png,Y
tr_032,灵品上品玄武镜·异,普通法宝,treasure,灵品,low,灵品,treasure_def,res://icon/treasure/tr_032.png,Y
tr_033,凡品下品玄武镜·异,普通法宝,treasure,凡品,low,凡品,treasure_def,res://icon/treasure/tr_033.png,Y
tr_034,灵品上品玄武镜·异,普通法宝,treasure,灵品,low,灵品,treasure_def,res://icon/treasure/tr_034.png,Y
tr_035,凡品下品玄武镜·异,普通法宝,treasure,凡品,low,凡品,treasure_def,res://icon/treasure/tr_035.png,Y
tr_036,灵品上品玄武镜·异,普通法宝,treasure,灵品,low,灵品,treasure_def,res://icon/treasure/tr_036.png,Y
ti_001,九转渡劫丹,渡劫道具,tribulation,,low,,tribulation,res://icon/tribulation/ti_001.png,Y
ti_002,周天护劫大阵,渡劫道具,tribulation,,low,,tribulation,res://icon/tribulation/ti_002.png,Y
ti_003,长老护法,渡劫道具,tribulation,,low,,tribulation,res://icon/tribulation/ti_003.png,Y
ti_004,玄龟镇劫甲,渡劫道具,tribulation,,low,,tribulation,res://icon/tribulation/ti_004.png,Y
q_xuanji,玄极令,任务道具,quest,,low,,quest,res://icon/quest/q_xuanji.png,Y
q_xuanji_frag_l,玄极令·残片（左）,任务道具,quest,,low,,quest,res://icon/quest/q_xuanji_frag_l.png,Y
q_xuanji_frag_r,玄极令·残片（右）,任务道具,quest,,low,,quest,res://icon/quest/q_xuanji_frag_r.png,Y
inn_026,凡品本命剑,本命法宝,treasure_innate,凡品,low,凡品,sword,res://icon/treasure_innate/inn_026.png,Y
inn_027,凡品本命塔,本命法宝,treasure_innate,凡品,low,凡品,tower,res://icon/treasure_innate/inn_027.png,Y
inn_028,凡品本命镜,本命法宝,treasure_innate,凡品,low,凡品,mirror,res://icon/treasure_innate/inn_028.png,Y
inn_029,凡品本命珠,本命法宝,treasure_innate,凡品,low,凡品,orb,res://icon/treasure_innate/inn_029.png,Y
inn_030,凡品本命幡,本命法宝,treasure_innate,凡品,low,凡品,flag,res://icon/treasure_innate/inn_030.png,Y
ti_005,宝品渡劫丹,渡劫道具,tribulation,宝品,mid,宝品,tribulation,res://icon/tribulation/ti_005.png,Y
ti_006,王品护劫阵,渡劫道具,tribulation,王品,mid,王品,tribulation,res://icon/tribulation/ti_006.png,Y
q_004,宝品玄极令,任务道具,quest,宝品,mid,宝品,quest,res://icon/quest/q_004.png,Y
q_005,王品玄极残片,任务道具,quest,王品,mid,王品,quest,res://icon/quest/q_005.png,Y
item_037,仙品五行阵图,阵图,array,仙品,high,仙品,array_book,res://icon/array/book/item_037.png,Y
item_038,道品聚灵阵图,阵图,array,道品,high,道品,array_book,res://icon/array/book/item_038.png,Y
ti_007,仙品九转丹,渡劫道具,tribulation,仙品,high,仙品,tribulation,res://icon/tribulation/ti_007.png,Y
q_006,仙品玄极令,任务道具,quest,仙品,high,仙品,quest,res://icon/quest/q_006.png,Y
