item_id,item_name,category,folder,grade,sub_grade,type,icon_path,tier,badge_grade,archetype,center_normal,center_top
mat_001,凡品灵草,材料,material,凡品,,灵草类,res://icon/material/mat_001.png,low,凡品,herb,herb_normal.png,herb_top.png
mat_002,百年灵草,材料,material,灵品,,灵草类,res://icon/material/mat_002.png,low,灵品,herb,herb_normal.png,herb_top.png
mat_003,三百年灵草,材料,material,宝品,,灵草类,res://icon/material/mat_003.png,mid,宝品,herb,herb_normal.png,herb_top.png
mat_004,五百年灵草,材料,material,王品,,灵草类,res://icon/material/mat_004.png,mid,王品,herb,herb_normal.png,herb_top.png
mat_005,千年灵草,材料,material,圣品,,灵草类,res://icon/material/mat_005.png,mid,圣品,herb,herb_normal.png,herb_top.png
mat_006,万年灵草,材料,material,仙品,,灵草类,res://icon/material/mat_006.png,high,仙品,herb,herb_normal.png,herb_top.png
mat_007,十万年灵草,材料,material,道品,,灵草类,res://icon/material/mat_007.png,high,道品,herb,herb_normal.png,herb_top.png
mat_008,凡铁矿石,材料,material,凡品,,矿石类,res://icon/material/mat_008.png,low,凡品,ore,ore_normal.png,ore_top.png
mat_009,精铁矿石,材料,material,灵品,,矿石类,res://icon/material/mat_009.png,low,灵品,ore,ore_normal.png,ore_top.png
mat_010,百年玄铁,材料,material,宝品,,矿石类,res://icon/material/mat_010.png,mid,宝品,ore,ore_normal.png,ore_top.png
mat_011,千年玄铁,材料,material,王品,,矿石类,res://icon/material/mat_011.png,mid,王品,ore,ore_normal.png,ore_top.png
mat_012,万年玄铁,材料,material,圣品,,矿石类,res://icon/material/mat_012.png,mid,圣品,ore,ore_normal.png,ore_top.png
mat_013,凡品灵布,材料,material,凡品,,织物类,res://icon/material/mat_013.png,low,凡品,fabric,fabric_normal.png,fabric_top.png
mat_014,灵纹布,材料,material,灵品,,织物类,res://icon/material/mat_014.png,low,灵品,fabric,fabric_normal.png,fabric_top.png
mat_015,金蚕丝,材料,material,宝品,,织物类,res://icon/material/mat_015.png,mid,宝品,fabric,fabric_normal.png,fabric_top.png
mat_016,玄冰蚕丝,材料,material,王品,,织物类,res://icon/material/mat_016.png,mid,王品,fabric,fabric_normal.png,fabric_top.png
mat_017,妖兽血,材料,material,凡品,,妖兽类,res://icon/material/mat_017.png,low,凡品,beast,beast_normal.png,beast_top.png
mat_018,妖兽皮,材料,material,凡品,,妖兽类,res://icon/material/mat_018.png,low,凡品,beast,beast_normal.png,beast_top.png
mat_019,妖兽筋骨,材料,material,灵品,,妖兽类,res://icon/material/mat_019.png,low,灵品,beast,beast_normal.png,beast_top.png
mat_020,狐火晶,材料,material,宝品,,妖兽类,res://icon/material/mat_020.png,mid,宝品,beast,beast_normal.png,beast_top.png
mat_021,鹏羽,材料,material,王品,,妖兽类,res://icon/material/mat_021.png,mid,王品,beast,beast_normal.png,beast_top.png
mat_022,麒麟鳞,材料,material,圣品,,妖兽类,res://icon/material/mat_022.png,mid,圣品,beast,beast_normal.png,beast_top.png
mat_023,灵晶,材料,material,灵品,,晶石类,res://icon/material/mat_023.png,low,灵品,crystal,crystal_normal.png,crystal_top.png
mat_024,玄晶,材料,material,宝品,,晶石类,res://icon/material/mat_024.png,mid,宝品,crystal,crystal_normal.png,crystal_top.png
mat_025,圣晶,材料,material,圣品,,晶石类,res://icon/material/mat_025.png,mid,圣品,crystal,crystal_normal.png,crystal_top.png
mat_026,火焰晶石,材料,material,宝品,,晶石类,res://icon/material/mat_026.png,mid,宝品,crystal,crystal_normal.png,crystal_top.png
mat_027,雷晶石,材料,material,王品,,晶石类,res://icon/material/mat_027.png,mid,王品,crystal,crystal_normal.png,crystal_top.png
mat_028,灵米,材料,material,凡品,,食材类,res://icon/material/mat_028.png,low,凡品,food,food_normal.png,food_top.png
mat_029,筑基液,材料,material,灵品,,特殊材料,res://icon/material/mat_029.png,low,灵品,mat_special,mat_special_normal.png,mat_special_top.png
mat_030,元婴髓,材料,material,王品,,特殊材料,res://icon/material/mat_030.png,mid,王品,mat_special,mat_special_normal.png,mat_special_top.png
mat_031,悟道花,材料,material,圣品,,特殊材料,res://icon/material/mat_031.png,mid,圣品,mat_special,mat_special_normal.png,mat_special_top.png
mat_032,符文核心,材料,material,宝品,,特殊材料,res://icon/material/mat_032.png,mid,宝品,mat_special,mat_special_normal.png,mat_special_top.png
pill_001,聚气丹,丹药,pill,凡品,下品,培元类,res://icon/pill/pill_001.png,low,凡品,pill,pill_normal.png,pill_top.png
pill_002,凡品中品养元丹,丹药,pill,凡品,中品,培元类,res://icon/pill/pill_002.png,low,凡品,pill,pill_normal.png,pill_top.png
pill_003,凡品上品凝气丹,丹药,pill,凡品,上品,培元类,res://icon/pill/pill_003.png,low,凡品,pill,pill_normal.png,pill_top.png
pill_004,凡品极品培元丹,丹药,pill,凡品,极品,培元类,res://icon/pill/pill_004.png,low,凡品,pill,pill_normal.png,pill_top.png
pill_005,筑基丹,丹药,pill,灵品,中品,突破类,res://icon/pill/pill_005.png,low,灵品,pill,pill_normal.png,pill_top.png
pill_006,凡品中品清毒丹,丹药,pill,凡品,中品,恢复类,res://icon/pill/pill_006.png,low,凡品,pill,pill_normal.png,pill_top.png
pill_007,凡品上品神识丹,丹药,pill,凡品,上品,属性类,res://icon/pill/pill_007.png,low,凡品,pill,pill_normal.png,pill_top.png
pill_008,灵品下品养元丹,丹药,pill,灵品,下品,培元类,res://icon/pill/pill_008.png,low,灵品,pill,pill_normal.png,pill_top.png
pill_009,灵品中品婴变丹,丹药,pill,灵品,中品,突破类,res://icon/pill/pill_009.png,low,灵品,pill,pill_normal.png,pill_top.png
pill_010,灵品上品冲窍丹,丹药,pill,灵品,上品,突破类,res://icon/pill/pill_010.png,low,灵品,pill,pill_normal.png,pill_top.png
pill_011,灵品极品聚气丹,丹药,pill,灵品,极品,培元类,res://icon/pill/pill_011.png,low,灵品,pill,pill_normal.png,pill_top.png
pill_012,灵品下品清毒丹,丹药,pill,灵品,下品,恢复类,res://icon/pill/pill_012.png,low,灵品,pill,pill_normal.png,pill_top.png
pill_013,灵品中品神识丹,丹药,pill,灵品,中品,属性类,res://icon/pill/pill_013.png,low,灵品,pill,pill_normal.png,pill_top.png
pill_014,灵品上品续命丹,丹药,pill,灵品,上品,恢复类,res://icon/pill/pill_014.png,low,灵品,pill,pill_normal.png,pill_top.png
pill_015,宝品下品婴变丹,丹药,pill,宝品,下品,突破类,res://icon/pill/pill_015.png,mid,宝品,pill,pill_normal.png,pill_top.png
pill_016,宝品中品冲窍丹,丹药,pill,宝品,中品,突破类,res://icon/pill/pill_016.png,mid,宝品,pill,pill_normal.png,pill_top.png
pill_017,宝品上品破障丹,丹药,pill,宝品,上品,突破类,res://icon/pill/pill_017.png,mid,宝品,pill,pill_normal.png,pill_top.png
pill_018,宝品极品体丹,丹药,pill,宝品,极品,属性类,res://icon/pill/pill_018.png,mid,宝品,pill,pill_normal.png,pill_top.png
pill_019,宝品下品凝气丹,丹药,pill,宝品,下品,培元类,res://icon/pill/pill_019.png,mid,宝品,pill,pill_normal.png,pill_top.png
pill_020,宝品中品续命丹,丹药,pill,宝品,中品,恢复类,res://icon/pill/pill_020.png,mid,宝品,pill,pill_normal.png,pill_top.png
pill_021,宝品上品延寿丹,丹药,pill,宝品,上品,特殊类,res://icon/pill/pill_021.png,mid,宝品,pill,pill_normal.png,pill_top.png
pill_022,王品下品冲窍丹,丹药,pill,王品,下品,突破类,res://icon/pill/pill_022.png,mid,王品,pill,pill_normal.png,pill_top.png
pill_023,王品中品力丹,丹药,pill,王品,中品,属性类,res://icon/pill/pill_023.png,mid,王品,pill,pill_normal.png,pill_top.png
pill_024,王品上品洗髓丹,丹药,pill,王品,上品,特殊类,res://icon/pill/pill_024.png,mid,王品,pill,pill_normal.png,pill_top.png
pill_025,王品极品凝气丹,丹药,pill,王品,极品,培元类,res://icon/pill/pill_025.png,mid,王品,pill,pill_normal.png,pill_top.png
pill_026,王品下品续命丹,丹药,pill,王品,下品,恢复类,res://icon/pill/pill_026.png,mid,王品,pill,pill_normal.png,pill_top.png
pill_027,王品中品破障丹,丹药,pill,王品,中品,突破类,res://icon/pill/pill_027.png,mid,王品,pill,pill_normal.png,pill_top.png
pill_028,圣品下品延寿丹,丹药,pill,圣品,下品,特殊类,res://icon/pill/pill_028.png,mid,圣品,pill,pill_normal.png,pill_top.png
pill_029,圣品中品固金丹,丹药,pill,圣品,中品,突破类,res://icon/pill/pill_029.png,mid,圣品,pill,pill_normal.png,pill_top.png
pill_030,圣品上品神识丹,丹药,pill,圣品,上品,属性类,res://icon/pill/pill_030.png,mid,圣品,pill,pill_normal.png,pill_top.png
pill_031,圣品极品续命丹,丹药,pill,圣品,极品,恢复类,res://icon/pill/pill_031.png,mid,圣品,pill,pill_normal.png,pill_top.png
pill_032,圣品下品破障丹,丹药,pill,圣品,下品,突破类,res://icon/pill/pill_032.png,mid,圣品,pill,pill_normal.png,pill_top.png
pill_033,圣品中品洗髓丹,丹药,pill,圣品,中品,特殊类,res://icon/pill/pill_033.png,mid,圣品,pill,pill_normal.png,pill_top.png
pill_034,仙品下品固金丹,丹药,pill,仙品,下品,突破类,res://icon/pill/pill_034.png,high,仙品,pill,pill_normal.png,pill_top.png
pill_035,仙品中品神识丹,丹药,pill,仙品,中品,属性类,res://icon/pill/pill_035.png,high,仙品,pill,pill_normal.png,pill_top.png
pill_036,仙品上品化劫丹,丹药,pill,仙品,上品,特殊类,res://icon/pill/pill_036.png,high,仙品,pill,pill_normal.png,pill_top.png
pill_037,仙品极品回血丹,丹药,pill,仙品,极品,恢复类,res://icon/pill/pill_037.png,high,仙品,pill,pill_normal.png,pill_top.png
pill_038,道品极品洗髓丹,丹药,pill,道品,极品,特殊类,res://icon/pill/pill_038.png,high,道品,pill,pill_normal.png,pill_top.png
pill_039,道品上品破障丹,丹药,pill,道品,上品,突破类,res://icon/pill/pill_039.png,high,道品,pill,pill_normal.png,pill_top.png
pill_040,清颜露·凡品,丹药,pill,凡品,下品,特殊类,res://icon/pill/pill_040.png,low,凡品,pill,pill_normal.png,pill_top.png
pill_041,清颜露·灵品,丹药,pill,灵品,下品,特殊类,res://icon/pill/pill_041.png,low,灵品,pill,pill_normal.png,pill_top.png
pill_042,清颜露·宝品,丹药,pill,宝品,下品,特殊类,res://icon/pill/pill_042.png,mid,宝品,pill,pill_normal.png,pill_top.png
pill_043,清颜露·王品,丹药,pill,王品,下品,特殊类,res://icon/pill/pill_043.png,mid,王品,pill,pill_normal.png,pill_top.png
pill_044,驻颜丹,丹药,pill,灵品,中品,特殊类,res://icon/pill/pill_044.png,low,灵品,pill,pill_normal.png,pill_top.png
tal_001,凡品下品火球符,符箓,talisman,凡品,下品,攻击类,res://icon/talisman/tal_001.png,low,凡品,talisman,talisman_normal.png,talisman_top.png
tal_002,凡品中品金刚符,符箓,talisman,凡品,中品,防御类,res://icon/talisman/tal_002.png,low,凡品,talisman,talisman_normal.png,talisman_top.png
tal_003,凡品上品聚灵符,符箓,talisman,凡品,上品,辅助类,res://icon/talisman/tal_003.png,low,凡品,talisman,talisman_normal.png,talisman_top.png
tal_004,凡品极品冰冻符,符箓,talisman,凡品,极品,控制类,res://icon/talisman/tal_004.png,low,凡品,talisman,talisman_normal.png,talisman_top.png
tal_005,灵品下品金刚符,符箓,talisman,灵品,下品,防御类,res://icon/talisman/tal_005.png,low,灵品,talisman,talisman_normal.png,talisman_top.png
tal_006,灵品中品聚灵符,符箓,talisman,灵品,中品,辅助类,res://icon/talisman/tal_006.png,low,灵品,talisman,talisman_normal.png,talisman_top.png
tal_007,灵品上品冰冻符,符箓,talisman,灵品,上品,控制类,res://icon/talisman/tal_007.png,low,灵品,talisman,talisman_normal.png,talisman_top.png
tal_008,灵品极品隐身符,符箓,talisman,灵品,极品,特殊类,res://icon/talisman/tal_008.png,low,灵品,talisman,talisman_normal.png,talisman_top.png
tal_009,宝品下品聚灵符,符箓,talisman,宝品,下品,辅助类,res://icon/talisman/tal_009.png,mid,宝品,talisman,talisman_normal.png,talisman_top.png
tal_010,宝品中品冰冻符,符箓,talisman,宝品,中品,控制类,res://icon/talisman/tal_010.png,mid,宝品,talisman,talisman_normal.png,talisman_top.png
tal_011,宝品上品隐身符,符箓,talisman,宝品,上品,特殊类,res://icon/talisman/tal_011.png,mid,宝品,talisman,talisman_normal.png,talisman_top.png
tal_012,宝品极品天火符,符箓,talisman,宝品,极品,攻击类,res://icon/talisman/tal_012.png,mid,宝品,talisman,talisman_normal.png,talisman_top.png
tal_013,王品下品冰冻符,符箓,talisman,王品,下品,控制类,res://icon/talisman/tal_013.png,mid,王品,talisman,talisman_normal.png,talisman_top.png
tal_014,王品中品隐身符,符箓,talisman,王品,中品,特殊类,res://icon/talisman/tal_014.png,mid,王品,talisman,talisman_normal.png,talisman_top.png
tal_015,王品上品天火符,符箓,talisman,王品,上品,攻击类,res://icon/talisman/tal_015.png,mid,王品,talisman,talisman_normal.png,talisman_top.png
tal_016,王品极品护盾符,符箓,talisman,王品,极品,防御类,res://icon/talisman/tal_016.png,mid,王品,talisman,talisman_normal.png,talisman_top.png
tal_017,圣品下品隐身符,符箓,talisman,圣品,下品,特殊类,res://icon/talisman/tal_017.png,mid,圣品,talisman,talisman_normal.png,talisman_top.png
tal_018,圣品中品天火符,符箓,talisman,圣品,中品,攻击类,res://icon/talisman/tal_018.png,mid,圣品,talisman,talisman_normal.png,talisman_top.png
tal_019,圣品上品护盾符,符箓,talisman,圣品,上品,防御类,res://icon/talisman/tal_019.png,mid,圣品,talisman,talisman_normal.png,talisman_top.png
tal_020,圣品极品清心符,符箓,talisman,圣品,极品,辅助类,res://icon/talisman/tal_020.png,mid,圣品,talisman,talisman_normal.png,talisman_top.png
tal_021,仙品下品天火符,符箓,talisman,仙品,下品,攻击类,res://icon/talisman/tal_021.png,high,仙品,talisman,talisman_normal.png,talisman_top.png
tal_022,仙品中品护盾符,符箓,talisman,仙品,中品,防御类,res://icon/talisman/tal_022.png,high,仙品,talisman,talisman_normal.png,talisman_top.png
tal_023,仙品上品清心符,符箓,talisman,仙品,上品,辅助类,res://icon/talisman/tal_023.png,high,仙品,talisman,talisman_normal.png,talisman_top.png
tal_024,仙品极品卸力符,符箓,talisman,仙品,极品,控制类,res://icon/talisman/tal_024.png,high,仙品,talisman,talisman_normal.png,talisman_top.png
tal_025,道品下品护盾符,符箓,talisman,道品,下品,防御类,res://icon/talisman/tal_025.png,high,道品,talisman,talisman_normal.png,talisman_top.png
tal_026,道品中品清心符,符箓,talisman,道品,中品,辅助类,res://icon/talisman/tal_026.png,high,道品,talisman,talisman_normal.png,talisman_top.png
tal_027,道品上品卸力符,符箓,talisman,道品,上品,控制类,res://icon/talisman/tal_027.png,high,道品,talisman,talisman_normal.png,talisman_top.png
tal_028,道品极品传送符,符箓,talisman,道品,极品,特殊类,res://icon/talisman/tal_028.png,high,道品,talisman,talisman_normal.png,talisman_top.png
tal_029,道品极品冰冻符,符箓,talisman,道品,极品,控制类,res://icon/talisman/tal_029.png,high,道品,talisman,talisman_normal.png,talisman_top.png
tal_030,道品极品传送符,符箓,talisman,道品,极品,特殊类,res://icon/talisman/tal_030.png,high,道品,talisman,talisman_normal.png,talisman_top.png
tal_031,道品极品火球符,符箓,talisman,道品,极品,攻击类,res://icon/talisman/tal_031.png,high,道品,talisman,talisman_normal.png,talisman_top.png
tal_032,道品极品护盾符,符箓,talisman,道品,极品,防御类,res://icon/talisman/tal_032.png,high,道品,talisman,talisman_normal.png,talisman_top.png
tal_033,道品极品加速符,符箓,talisman,道品,极品,辅助类,res://icon/talisman/tal_033.png,high,道品,talisman,talisman_normal.png,talisman_top.png
tal_034,道品极品冰冻符,符箓,talisman,道品,极品,控制类,res://icon/talisman/tal_034.png,high,道品,talisman,talisman_normal.png,talisman_top.png
tal_035,道品极品传送符,符箓,talisman,道品,极品,特殊类,res://icon/talisman/tal_035.png,high,道品,talisman,talisman_normal.png,talisman_top.png
tal_036,道品极品火球符,符箓,talisman,道品,极品,攻击类,res://icon/talisman/tal_036.png,high,道品,talisman,talisman_normal.png,talisman_top.png
tal_037,道品极品护盾符,符箓,talisman,道品,极品,防御类,res://icon/talisman/tal_037.png,high,道品,talisman,talisman_normal.png,talisman_top.png
eq_001,凡品下品武器,装备,equip,凡品,下品,武器,res://icon/equip/eq_001.png,low,凡品,weapon,weapon_normal.png,weapon_top.png
eq_002,凡品中品法袍,装备,equip,凡品,中品,衣袍,res://icon/equip/eq_002.png,low,凡品,robe,robe_normal.png,robe_top.png
eq_003,凡品上品头盔,装备,equip,凡品,上品,头盔,res://icon/equip/eq_003.png,low,凡品,helmet,helmet_normal.png,helmet_top.png
eq_004,凡品极品护腕,装备,equip,凡品,极品,护腕,res://icon/equip/eq_004.png,low,凡品,bracer,bracer_normal.png,bracer_top.png
eq_005,凡品下品腰带,装备,equip,凡品,下品,腰带,res://icon/equip/eq_005.png,low,凡品,belt,belt_normal.png,belt_top.png
eq_006,凡品中品靴子,装备,equip,凡品,中品,靴子,res://icon/equip/eq_006.png,low,凡品,boot,boot_normal.png,boot_top.png
eq_007,灵品下品法袍,装备,equip,灵品,下品,衣袍,res://icon/equip/eq_007.png,low,灵品,robe,robe_normal.png,robe_top.png
eq_008,灵品中品头盔,装备,equip,灵品,中品,头盔,res://icon/equip/eq_008.png,low,灵品,helmet,helmet_normal.png,helmet_top.png
eq_009,灵品上品护腕,装备,equip,灵品,上品,护腕,res://icon/equip/eq_009.png,low,灵品,bracer,bracer_normal.png,bracer_top.png
eq_010,灵品极品腰带,装备,equip,灵品,极品,腰带,res://icon/equip/eq_010.png,low,灵品,belt,belt_normal.png,belt_top.png
eq_011,灵品下品靴子,装备,equip,灵品,下品,靴子,res://icon/equip/eq_011.png,low,灵品,boot,boot_normal.png,boot_top.png
eq_012,灵品中品饰品,装备,equip,灵品,中品,配饰,res://icon/equip/eq_012.png,low,灵品,accessory,accessory_normal.png,accessory_top.png
eq_013,宝品下品头盔,装备,equip,宝品,下品,头盔,res://icon/equip/eq_013.png,mid,宝品,helmet,helmet_normal.png,helmet_top.png
eq_014,宝品中品护腕,装备,equip,宝品,中品,护腕,res://icon/equip/eq_014.png,mid,宝品,bracer,bracer_normal.png,bracer_top.png
eq_015,宝品上品腰带,装备,equip,宝品,上品,腰带,res://icon/equip/eq_015.png,mid,宝品,belt,belt_normal.png,belt_top.png
eq_016,宝品极品靴子,装备,equip,宝品,极品,靴子,res://icon/equip/eq_016.png,mid,宝品,boot,boot_normal.png,boot_top.png
eq_017,宝品下品饰品,装备,equip,宝品,下品,配饰,res://icon/equip/eq_017.png,mid,宝品,accessory,accessory_normal.png,accessory_top.png
eq_018,宝品中品武器,装备,equip,宝品,中品,武器,res://icon/equip/eq_018.png,mid,宝品,weapon,weapon_normal.png,weapon_top.png
eq_019,王品下品护腕,装备,equip,王品,下品,护腕,res://icon/equip/eq_019.png,mid,王品,bracer,bracer_normal.png,bracer_top.png
eq_020,王品中品腰带,装备,equip,王品,中品,腰带,res://icon/equip/eq_020.png,mid,王品,belt,belt_normal.png,belt_top.png
eq_021,王品上品靴子,装备,equip,王品,上品,靴子,res://icon/equip/eq_021.png,mid,王品,boot,boot_normal.png,boot_top.png
eq_022,王品极品饰品,装备,equip,王品,极品,配饰,res://icon/equip/eq_022.png,mid,王品,accessory,accessory_normal.png,accessory_top.png
eq_023,王品下品武器,装备,equip,王品,下品,武器,res://icon/equip/eq_023.png,mid,王品,weapon,weapon_normal.png,weapon_top.png
eq_024,王品中品法袍,装备,equip,王品,中品,衣袍,res://icon/equip/eq_024.png,mid,王品,robe,robe_normal.png,robe_top.png
eq_025,圣品下品腰带,装备,equip,圣品,下品,腰带,res://icon/equip/eq_025.png,mid,圣品,belt,belt_normal.png,belt_top.png
eq_026,圣品中品靴子,装备,equip,圣品,中品,靴子,res://icon/equip/eq_026.png,mid,圣品,boot,boot_normal.png,boot_top.png
eq_027,圣品上品饰品,装备,equip,圣品,上品,配饰,res://icon/equip/eq_027.png,mid,圣品,accessory,accessory_normal.png,accessory_top.png
eq_028,圣品极品武器,装备,equip,圣品,极品,武器,res://icon/equip/eq_028.png,mid,圣品,weapon,weapon_normal.png,weapon_top.png
eq_029,圣品下品法袍,装备,equip,圣品,下品,衣袍,res://icon/equip/eq_029.png,mid,圣品,robe,robe_normal.png,robe_top.png
eq_030,圣品中品头盔,装备,equip,圣品,中品,头盔,res://icon/equip/eq_030.png,mid,圣品,helmet,helmet_normal.png,helmet_top.png
eq_031,仙品下品靴子,装备,equip,仙品,下品,靴子,res://icon/equip/eq_031.png,high,仙品,boot,boot_normal.png,boot_top.png
eq_032,仙品中品饰品,装备,equip,仙品,中品,配饰,res://icon/equip/eq_032.png,high,仙品,accessory,accessory_normal.png,accessory_top.png
eq_033,仙品上品武器,装备,equip,仙品,上品,武器,res://icon/equip/eq_033.png,high,仙品,weapon,weapon_normal.png,weapon_top.png
eq_034,仙品极品法袍,装备,equip,仙品,极品,衣袍,res://icon/equip/eq_034.png,high,仙品,robe,robe_normal.png,robe_top.png
eq_035,仙品下品头盔,装备,equip,仙品,下品,头盔,res://icon/equip/eq_035.png,high,仙品,helmet,helmet_normal.png,helmet_top.png
eq_036,仙品中品护腕,装备,equip,仙品,中品,护腕,res://icon/equip/eq_036.png,high,仙品,bracer,bracer_normal.png,bracer_top.png
eq_037,仙品上品腰带,装备,equip,仙品,上品,腰带,res://icon/equip/eq_037.png,high,仙品,belt,belt_normal.png,belt_top.png
eq_038,道品下品饰品,装备,equip,道品,下品,配饰,res://icon/equip/eq_038.png,high,道品,accessory,accessory_normal.png,accessory_top.png
eq_039,道品中品武器,装备,equip,道品,中品,武器,res://icon/equip/eq_039.png,high,道品,weapon,weapon_normal.png,weapon_top.png
eq_040,道品上品法袍,装备,equip,道品,上品,衣袍,res://icon/equip/eq_040.png,high,道品,robe,robe_normal.png,robe_top.png
eq_041,道品极品头盔,装备,equip,道品,极品,头盔,res://icon/equip/eq_041.png,high,道品,helmet,helmet_normal.png,helmet_top.png
eq_042,道品下品护腕,装备,equip,道品,下品,护腕,res://icon/equip/eq_042.png,high,道品,bracer,bracer_normal.png,bracer_top.png
eq_043,道品中品腰带,装备,equip,道品,中品,腰带,res://icon/equip/eq_043.png,high,道品,belt,belt_normal.png,belt_top.png
eq_044,道品上品靴子,装备,equip,道品,上品,靴子,res://icon/equip/eq_044.png,high,道品,boot,boot_normal.png,boot_top.png
eq_045,凡品下品法宝,装备,equip,凡品,下品,本命法宝,res://icon/equip/eq_045.png,low,凡品,weapon,weapon_normal.png,weapon_top.png
bp_001,凡品下品装备图纸,装备图纸,equip_blueprint,凡品,下品,,res://icon/equip_blueprint/bp_001.png,low,凡品,blueprint,blueprint_normal.png,blueprint_top.png
bp_002,凡品中品装备图纸,装备图纸,equip_blueprint,凡品,中品,,res://icon/equip_blueprint/bp_002.png,low,凡品,blueprint,blueprint_normal.png,blueprint_top.png
bp_003,凡品上品装备图纸,装备图纸,equip_blueprint,凡品,上品,,res://icon/equip_blueprint/bp_003.png,low,凡品,blueprint,blueprint_normal.png,blueprint_top.png
bp_004,灵品下品装备图纸,装备图纸,equip_blueprint,灵品,下品,,res://icon/equip_blueprint/bp_004.png,low,灵品,blueprint,blueprint_normal.png,blueprint_top.png
bp_005,灵品中品装备图纸,装备图纸,equip_blueprint,灵品,中品,,res://icon/equip_blueprint/bp_005.png,low,灵品,blueprint,blueprint_normal.png,blueprint_top.png
bp_006,灵品上品装备图纸,装备图纸,equip_blueprint,灵品,上品,,res://icon/equip_blueprint/bp_006.png,low,灵品,blueprint,blueprint_normal.png,blueprint_top.png
bp_007,宝品下品装备图纸,装备图纸,equip_blueprint,宝品,下品,,res://icon/equip_blueprint/bp_007.png,mid,宝品,blueprint,blueprint_normal.png,blueprint_top.png
bp_008,宝品中品装备图纸,装备图纸,equip_blueprint,宝品,中品,,res://icon/equip_blueprint/bp_008.png,mid,宝品,blueprint,blueprint_normal.png,blueprint_top.png
bp_009,宝品上品装备图纸,装备图纸,equip_blueprint,宝品,上品,,res://icon/equip_blueprint/bp_009.png,mid,宝品,blueprint,blueprint_normal.png,blueprint_top.png
bp_010,王品下品装备图纸,装备图纸,equip_blueprint,王品,下品,,res://icon/equip_blueprint/bp_010.png,mid,王品,blueprint,blueprint_normal.png,blueprint_top.png
bp_011,王品中品装备图纸,装备图纸,equip_blueprint,王品,中品,,res://icon/equip_blueprint/bp_011.png,mid,王品,blueprint,blueprint_normal.png,blueprint_top.png
bp_012,王品上品装备图纸,装备图纸,equip_blueprint,王品,上品,,res://icon/equip_blueprint/bp_012.png,mid,王品,blueprint,blueprint_normal.png,blueprint_top.png
bp_013,圣品下品装备图纸,装备图纸,equip_blueprint,圣品,下品,,res://icon/equip_blueprint/bp_013.png,mid,圣品,blueprint,blueprint_normal.png,blueprint_top.png
bp_014,圣品中品装备图纸,装备图纸,equip_blueprint,圣品,中品,,res://icon/equip_blueprint/bp_014.png,mid,圣品,blueprint,blueprint_normal.png,blueprint_top.png
bp_015,圣品上品装备图纸,装备图纸,equip_blueprint,圣品,上品,,res://icon/equip_blueprint/bp_015.png,mid,圣品,blueprint,blueprint_normal.png,blueprint_top.png
bp_016,仙品下品装备图纸,装备图纸,equip_blueprint,仙品,下品,,res://icon/equip_blueprint/bp_016.png,high,仙品,blueprint,blueprint_normal.png,blueprint_top.png
bp_017,仙品中品装备图纸,装备图纸,equip_blueprint,仙品,中品,,res://icon/equip_blueprint/bp_017.png,high,仙品,blueprint,blueprint_normal.png,blueprint_top.png
bp_018,道品下品装备图纸,装备图纸,equip_blueprint,道品,下品,,res://icon/equip_blueprint/bp_018.png,high,道品,blueprint,blueprint_normal.png,blueprint_top.png
bp_019,道品中品装备图纸,装备图纸,equip_blueprint,道品,中品,,res://icon/equip_blueprint/bp_019.png,high,道品,blueprint,blueprint_normal.png,blueprint_top.png
set_001_下品,青锋套,装备套装,equip_set,凡品,下品,,res://icon/equip_set/set_001_下品.png,low,凡品,setpiece,setpiece_normal.png,setpiece_top.png
set_001_中品,青锋套,装备套装,equip_set,凡品,中品,,res://icon/equip_set/set_001_中品.png,low,凡品,setpiece,setpiece_normal.png,setpiece_top.png
set_001_上品,青锋套,装备套装,equip_set,凡品,上品,,res://icon/equip_set/set_001_上品.png,low,凡品,setpiece,setpiece_normal.png,setpiece_top.png
set_001_极品,青锋套,装备套装,equip_set,凡品,极品,,res://icon/equip_set/set_001_极品.png,low,凡品,setpiece,setpiece_normal.png,setpiece_top.png
set_002_下品,玄灵套,装备套装,equip_set,灵品,下品,,res://icon/equip_set/set_002_下品.png,low,灵品,setpiece,setpiece_normal.png,setpiece_top.png
set_002_中品,玄灵套,装备套装,equip_set,灵品,中品,,res://icon/equip_set/set_002_中品.png,low,灵品,setpiece,setpiece_normal.png,setpiece_top.png
set_002_上品,玄灵套,装备套装,equip_set,灵品,上品,,res://icon/equip_set/set_002_上品.png,low,灵品,setpiece,setpiece_normal.png,setpiece_top.png
set_002_极品,玄灵套,装备套装,equip_set,灵品,极品,,res://icon/equip_set/set_002_极品.png,low,灵品,setpiece,setpiece_normal.png,setpiece_top.png
set_003_下品,玄金套,装备套装,equip_set,宝品,下品,,res://icon/equip_set/set_003_下品.png,mid,宝品,setpiece,setpiece_normal.png,setpiece_top.png
set_003_中品,玄金套,装备套装,equip_set,宝品,中品,,res://icon/equip_set/set_003_中品.png,mid,宝品,setpiece,setpiece_normal.png,setpiece_top.png
set_003_上品,玄金套,装备套装,equip_set,宝品,上品,,res://icon/equip_set/set_003_上品.png,mid,宝品,setpiece,setpiece_normal.png,setpiece_top.png
set_003_极品,玄金套,装备套装,equip_set,宝品,极品,,res://icon/equip_set/set_003_极品.png,mid,宝品,setpiece,setpiece_normal.png,setpiece_top.png
set_004_下品,裂山套,装备套装,equip_set,宝品,下品,,res://icon/equip_set/set_004_下品.png,mid,宝品,setpiece,setpiece_normal.png,setpiece_top.png
set_004_中品,裂山套,装备套装,equip_set,宝品,中品,,res://icon/equip_set/set_004_中品.png,mid,宝品,setpiece,setpiece_normal.png,setpiece_top.png
set_004_上品,裂山套,装备套装,equip_set,宝品,上品,,res://icon/equip_set/set_004_上品.png,mid,宝品,setpiece,setpiece_normal.png,setpiece_top.png
set_004_极品,裂山套,装备套装,equip_set,宝品,极品,,res://icon/equip_set/set_004_极品.png,mid,宝品,setpiece,setpiece_normal.png,setpiece_top.png
set_005_下品,紫焰套,装备套装,equip_set,宝品,下品,,res://icon/equip_set/set_005_下品.png,mid,宝品,setpiece,setpiece_normal.png,setpiece_top.png
set_005_中品,紫焰套,装备套装,equip_set,宝品,中品,,res://icon/equip_set/set_005_中品.png,mid,宝品,setpiece,setpiece_normal.png,setpiece_top.png
set_005_上品,紫焰套,装备套装,equip_set,宝品,上品,,res://icon/equip_set/set_005_上品.png,mid,宝品,setpiece,setpiece_normal.png,setpiece_top.png
set_005_极品,紫焰套,装备套装,equip_set,宝品,极品,,res://icon/equip_set/set_005_极品.png,mid,宝品,setpiece,setpiece_normal.png,setpiece_top.png
set_006_下品,太虚套,装备套装,equip_set,王品,下品,,res://icon/equip_set/set_006_下品.png,mid,王品,setpiece,setpiece_normal.png,setpiece_top.png
set_006_中品,太虚套,装备套装,equip_set,王品,中品,,res://icon/equip_set/set_006_中品.png,mid,王品,setpiece,setpiece_normal.png,setpiece_top.png
set_006_上品,太虚套,装备套装,equip_set,王品,上品,,res://icon/equip_set/set_006_上品.png,mid,王品,setpiece,setpiece_normal.png,setpiece_top.png
set_006_极品,太虚套,装备套装,equip_set,王品,极品,,res://icon/equip_set/set_006_极品.png,mid,王品,setpiece,setpiece_normal.png,setpiece_top.png
set_007_下品,破军套,装备套装,equip_set,王品,下品,,res://icon/equip_set/set_007_下品.png,mid,王品,setpiece,setpiece_normal.png,setpiece_top.png
set_007_中品,破军套,装备套装,equip_set,王品,中品,,res://icon/equip_set/set_007_中品.png,mid,王品,setpiece,setpiece_normal.png,setpiece_top.png
set_007_上品,破军套,装备套装,equip_set,王品,上品,,res://icon/equip_set/set_007_上品.png,mid,王品,setpiece,setpiece_normal.png,setpiece_top.png
set_007_极品,破军套,装备套装,equip_set,王品,极品,,res://icon/equip_set/set_007_极品.png,mid,王品,setpiece,setpiece_normal.png,setpiece_top.png
set_008_下品,玄冥套,装备套装,equip_set,王品,下品,,res://icon/equip_set/set_008_下品.png,mid,王品,setpiece,setpiece_normal.png,setpiece_top.png
set_008_中品,玄冥套,装备套装,equip_set,王品,中品,,res://icon/equip_set/set_008_中品.png,mid,王品,setpiece,setpiece_normal.png,setpiece_top.png
set_008_上品,玄冥套,装备套装,equip_set,王品,上品,,res://icon/equip_set/set_008_上品.png,mid,王品,setpiece,setpiece_normal.png,setpiece_top.png
set_008_极品,玄冥套,装备套装,equip_set,王品,极品,,res://icon/equip_set/set_008_极品.png,mid,王品,setpiece,setpiece_normal.png,setpiece_top.png
set_009_下品,玄黄套,装备套装,equip_set,王品,下品,,res://icon/equip_set/set_009_下品.png,mid,王品,setpiece,setpiece_normal.png,setpiece_top.png
set_009_中品,玄黄套,装备套装,equip_set,王品,中品,,res://icon/equip_set/set_009_中品.png,mid,王品,setpiece,setpiece_normal.png,setpiece_top.png
set_009_上品,玄黄套,装备套装,equip_set,王品,上品,,res://icon/equip_set/set_009_上品.png,mid,王品,setpiece,setpiece_normal.png,setpiece_top.png
set_009_极品,玄黄套,装备套装,equip_set,王品,极品,,res://icon/equip_set/set_009_极品.png,mid,王品,setpiece,setpiece_normal.png,setpiece_top.png
sk_001,凡品下品斩风诀,功法,skill,凡品,下品,攻击,res://icon/skill/sk_001.png,low,凡品,scripture,scripture_normal.png,scripture_top.png
sk_002,凡品中品寒冰锁,功法,skill,凡品,中品,控制,res://icon/skill/sk_002.png,low,凡品,scripture,scripture_normal.png,scripture_top.png
sk_003,凡品上品守元术,功法,skill,凡品,上品,辅助防御,res://icon/skill/sk_003.png,low,凡品,scripture,scripture_normal.png,scripture_top.png
sk_004,凡品极品太初经,功法,skill,凡品,极品,通用,res://icon/skill/sk_004.png,low,凡品,scripture,scripture_normal.png,scripture_top.png
sk_005,凡品下品斩风诀,功法,skill,凡品,下品,攻击,res://icon/skill/sk_005.png,low,凡品,scripture,scripture_normal.png,scripture_top.png
sk_006,凡品中品寒冰锁,功法,skill,凡品,中品,控制,res://icon/skill/sk_006.png,low,凡品,scripture,scripture_normal.png,scripture_top.png
sk_007,灵品下品寒冰锁,功法,skill,灵品,下品,控制,res://icon/skill/sk_007.png,low,灵品,scripture,scripture_normal.png,scripture_top.png
sk_008,灵品中品守元术,功法,skill,灵品,中品,辅助防御,res://icon/skill/sk_008.png,low,灵品,scripture,scripture_normal.png,scripture_top.png
sk_009,灵品上品太初经,功法,skill,灵品,上品,通用,res://icon/skill/sk_009.png,low,灵品,scripture,scripture_normal.png,scripture_top.png
sk_010,灵品极品斩风诀,功法,skill,灵品,极品,攻击,res://icon/skill/sk_010.png,low,灵品,scripture,scripture_normal.png,scripture_top.png
sk_011,灵品下品寒冰锁,功法,skill,灵品,下品,控制,res://icon/skill/sk_011.png,low,灵品,scripture,scripture_normal.png,scripture_top.png
sk_012,灵品中品守元术,功法,skill,灵品,中品,辅助防御,res://icon/skill/sk_012.png,low,灵品,scripture,scripture_normal.png,scripture_top.png
sk_013,宝品下品守元术,功法,skill,宝品,下品,辅助防御,res://icon/skill/sk_013.png,mid,宝品,scripture,scripture_normal.png,scripture_top.png
sk_014,宝品中品太初经,功法,skill,宝品,中品,通用,res://icon/skill/sk_014.png,mid,宝品,scripture,scripture_normal.png,scripture_top.png
sk_015,宝品上品斩风诀,功法,skill,宝品,上品,攻击,res://icon/skill/sk_015.png,mid,宝品,scripture,scripture_normal.png,scripture_top.png
sk_016,宝品极品寒冰锁,功法,skill,宝品,极品,控制,res://icon/skill/sk_016.png,mid,宝品,scripture,scripture_normal.png,scripture_top.png
sk_017,宝品下品守元术,功法,skill,宝品,下品,辅助防御,res://icon/skill/sk_017.png,mid,宝品,scripture,scripture_normal.png,scripture_top.png
sk_018,宝品中品太初经,功法,skill,宝品,中品,通用,res://icon/skill/sk_018.png,mid,宝品,scripture,scripture_normal.png,scripture_top.png
sk_019,王品下品太初经,功法,skill,王品,下品,通用,res://icon/skill/sk_019.png,mid,王品,scripture,scripture_normal.png,scripture_top.png
sk_020,王品中品斩风诀,功法,skill,王品,中品,攻击,res://icon/skill/sk_020.png,mid,王品,scripture,scripture_normal.png,scripture_top.png
sk_021,王品上品寒冰锁,功法,skill,王品,上品,控制,res://icon/skill/sk_021.png,mid,王品,scripture,scripture_normal.png,scripture_top.png
sk_022,王品极品守元术,功法,skill,王品,极品,辅助防御,res://icon/skill/sk_022.png,mid,王品,scripture,scripture_normal.png,scripture_top.png
sk_023,王品下品太初经,功法,skill,王品,下品,通用,res://icon/skill/sk_023.png,mid,王品,scripture,scripture_normal.png,scripture_top.png
sk_024,王品中品斩风诀,功法,skill,王品,中品,攻击,res://icon/skill/sk_024.png,mid,王品,scripture,scripture_normal.png,scripture_top.png
sk_025,圣品下品斩风诀,功法,skill,圣品,下品,攻击,res://icon/skill/sk_025.png,mid,圣品,scripture,scripture_normal.png,scripture_top.png
sk_026,圣品中品寒冰锁,功法,skill,圣品,中品,控制,res://icon/skill/sk_026.png,mid,圣品,scripture,scripture_normal.png,scripture_top.png
sk_027,圣品上品守元术,功法,skill,圣品,上品,辅助防御,res://icon/skill/sk_027.png,mid,圣品,scripture,scripture_normal.png,scripture_top.png
sk_028,圣品极品太初经,功法,skill,圣品,极品,通用,res://icon/skill/sk_028.png,mid,圣品,scripture,scripture_normal.png,scripture_top.png
sk_029,圣品下品斩风诀,功法,skill,圣品,下品,攻击,res://icon/skill/sk_029.png,mid,圣品,scripture,scripture_normal.png,scripture_top.png
sk_030,仙品下品寒冰锁,功法,skill,仙品,下品,控制,res://icon/skill/sk_030.png,high,仙品,scripture,scripture_normal.png,scripture_top.png
sk_031,仙品中品守元术,功法,skill,仙品,中品,辅助防御,res://icon/skill/sk_031.png,high,仙品,scripture,scripture_normal.png,scripture_top.png
sk_032,仙品上品太初经,功法,skill,仙品,上品,通用,res://icon/skill/sk_032.png,high,仙品,scripture,scripture_normal.png,scripture_top.png
sk_033,仙品极品斩风诀,功法,skill,仙品,极品,攻击,res://icon/skill/sk_033.png,high,仙品,scripture,scripture_normal.png,scripture_top.png
sk_034,仙品下品寒冰锁,功法,skill,仙品,下品,控制,res://icon/skill/sk_034.png,high,仙品,scripture,scripture_normal.png,scripture_top.png
sk_035,道品下品守元术,功法,skill,道品,下品,辅助防御,res://icon/skill/sk_035.png,high,道品,scripture,scripture_normal.png,scripture_top.png
sk_036,道品中品太初经,功法,skill,道品,中品,通用,res://icon/skill/sk_036.png,high,道品,scripture,scripture_normal.png,scripture_top.png
sk_037,道品上品斩风诀,功法,skill,道品,上品,攻击,res://icon/skill/sk_037.png,high,道品,scripture,scripture_normal.png,scripture_top.png
sk_038,道品极品寒冰锁,功法,skill,道品,极品,控制,res://icon/skill/sk_038.png,high,道品,scripture,scripture_normal.png,scripture_top.png
sk_039,道品下品守元术,功法,skill,道品,下品,辅助防御,res://icon/skill/sk_039.png,high,道品,scripture,scripture_normal.png,scripture_top.png
item_015,阵纹碎片,阵图/碎片,array,凡品,,array_material,res://icon/array/item_015.png,low,凡品,array_book,array_book_normal.png,array_book_top.png
item_016,五行聚灵阵图,阵图/碎片,array,凡品,,array_book,res://icon/array/book/item_016.png,low,凡品,array_book,array_book_normal.png,array_book_top.png
item_017,金锋御敌阵图,阵图/碎片,array,凡品,,array_book,res://icon/array/book/item_017.png,low,凡品,array_book,array_book_normal.png,array_book_top.png
item_018,玄龟守元阵图,阵图/碎片,array,凡品,,array_book,res://icon/array/book/item_018.png,low,凡品,array_book,array_book_normal.png,array_book_top.png
item_019,疾风掠影阵图,阵图/碎片,array,凡品,,array_book,res://icon/array/book/item_019.png,low,凡品,array_book,array_book_normal.png,array_book_top.png
item_020,太虚护体阵图,阵图/碎片,array,灵品,,array_book,res://icon/array/book/item_020.png,low,灵品,array_book,array_book_normal.png,array_book_top.png
item_021,破妄锐金阵图,阵图/碎片,array,灵品,,array_book,res://icon/array/book/item_021.png,low,灵品,array_book,array_book_normal.png,array_book_top.png
item_022,迷踪幻影阵图,阵图/碎片,array,灵品,,array_book,res://icon/array/book/item_022.png,low,灵品,array_book,array_book_normal.png,array_book_top.png
item_023,九转回春阵图,阵图/碎片,array,宝品,,array_book,res://icon/array/book/item_023.png,mid,宝品,array_book,array_book_normal.png,array_book_top.png
item_024,灵泉涌动阵图,阵图/碎片,array,宝品,,array_book,res://icon/array/book/item_024.png,mid,宝品,array_book,array_book_normal.png,array_book_top.png
item_025,周天混元阵图,阵图/碎片,array,宝品,,array_book,res://icon/array/book/item_025.png,mid,宝品,array_book,array_book_normal.png,array_book_top.png
item_026,两仪协攻阵图,阵图/碎片,array,凡品,,array_book,res://icon/array/book/item_026.png,low,凡品,array_book,array_book_normal.png,array_book_top.png
item_027,三才守御阵图,阵图/碎片,array,凡品,,array_book,res://icon/array/book/item_027.png,low,凡品,array_book,array_book_normal.png,array_book_top.png
item_028,四象聚灵阵图,阵图/碎片,array,灵品,,array_book,res://icon/array/book/item_028.png,low,灵品,array_book,array_book_normal.png,array_book_top.png
item_029,五岳镇魔阵图,阵图/碎片,array,灵品,,array_book,res://icon/array/book/item_029.png,low,灵品,array_book,array_book_normal.png,array_book_top.png
item_030,七星破阵图,阵图/碎片,array,宝品,,array_book,res://icon/array/book/item_030.png,mid,宝品,array_book,array_book_normal.png,array_book_top.png
item_031,周天同心阵图,阵图/碎片,array,宝品,,array_book,res://icon/array/book/item_031.png,mid,宝品,array_book,array_book_normal.png,array_book_top.png
item_032,护山大阵图,阵图/碎片,array,宝品,,array_book,res://icon/array/book/item_032.png,mid,宝品,array_book,array_book_normal.png,array_book_top.png
item_033,聚灵大阵图,阵图/碎片,array,宝品,,array_book,res://icon/array/book/item_033.png,mid,宝品,array_book,array_book_normal.png,array_book_top.png
item_034,镇煞安宗阵图,阵图/碎片,array,灵品,,array_book,res://icon/array/book/item_034.png,low,灵品,array_book,array_book_normal.png,array_book_top.png
item_035,玄空传送阵图,阵图/碎片,array,宝品,,array_book,res://icon/array/book/item_035.png,mid,宝品,array_book,array_book_normal.png,array_book_top.png
inn_001,宝品下品本命剑,本命法宝,treasure_innate,宝品,下品,,res://icon/treasure_innate/inn_001.png,mid,宝品,sword,sword_normal.png,sword_top.png
inn_002,宝品中品本命塔,本命法宝,treasure_innate,宝品,中品,,res://icon/treasure_innate/inn_002.png,mid,宝品,tower,tower_normal.png,tower_top.png
inn_003,宝品上品本命镜,本命法宝,treasure_innate,宝品,上品,,res://icon/treasure_innate/inn_003.png,mid,宝品,mirror,mirror_normal.png,mirror_top.png
inn_004,宝品极品本命幡,本命法宝,treasure_innate,宝品,极品,,res://icon/treasure_innate/inn_004.png,mid,宝品,flag,flag_normal.png,flag_top.png
inn_005,宝品下品本命珠,本命法宝,treasure_innate,宝品,下品,,res://icon/treasure_innate/inn_005.png,mid,宝品,orb,orb_normal.png,orb_top.png
inn_006,王品中品本命剑,本命法宝,treasure_innate,王品,中品,,res://icon/treasure_innate/inn_006.png,mid,王品,sword,sword_normal.png,sword_top.png
inn_007,王品上品本命塔,本命法宝,treasure_innate,王品,上品,,res://icon/treasure_innate/inn_007.png,mid,王品,tower,tower_normal.png,tower_top.png
inn_008,王品极品本命镜,本命法宝,treasure_innate,王品,极品,,res://icon/treasure_innate/inn_008.png,mid,王品,mirror,mirror_normal.png,mirror_top.png
inn_009,王品下品本命幡,本命法宝,treasure_innate,王品,下品,,res://icon/treasure_innate/inn_009.png,mid,王品,flag,flag_normal.png,flag_top.png
inn_010,王品中品本命珠,本命法宝,treasure_innate,王品,中品,,res://icon/treasure_innate/inn_010.png,mid,王品,orb,orb_normal.png,orb_top.png
inn_011,圣品上品本命剑,本命法宝,treasure_innate,圣品,上品,,res://icon/treasure_innate/inn_011.png,mid,圣品,sword,sword_normal.png,sword_top.png
inn_012,圣品极品本命塔,本命法宝,treasure_innate,圣品,极品,,res://icon/treasure_innate/inn_012.png,mid,圣品,tower,tower_normal.png,tower_top.png
inn_013,圣品下品本命镜,本命法宝,treasure_innate,圣品,下品,,res://icon/treasure_innate/inn_013.png,mid,圣品,mirror,mirror_normal.png,mirror_top.png
inn_014,圣品中品本命幡,本命法宝,treasure_innate,圣品,中品,,res://icon/treasure_innate/inn_014.png,mid,圣品,flag,flag_normal.png,flag_top.png
inn_015,圣品上品本命珠,本命法宝,treasure_innate,圣品,上品,,res://icon/treasure_innate/inn_015.png,mid,圣品,orb,orb_normal.png,orb_top.png
inn_016,仙品极品本命剑,本命法宝,treasure_innate,仙品,极品,,res://icon/treasure_innate/inn_016.png,high,仙品,sword,sword_normal.png,sword_top.png
inn_017,仙品下品本命塔,本命法宝,treasure_innate,仙品,下品,,res://icon/treasure_innate/inn_017.png,high,仙品,tower,tower_normal.png,tower_top.png
inn_018,仙品中品本命镜,本命法宝,treasure_innate,仙品,中品,,res://icon/treasure_innate/inn_018.png,high,仙品,mirror,mirror_normal.png,mirror_top.png
inn_019,仙品上品本命幡,本命法宝,treasure_innate,仙品,上品,,res://icon/treasure_innate/inn_019.png,high,仙品,flag,flag_normal.png,flag_top.png
inn_020,仙品极品本命珠,本命法宝,treasure_innate,仙品,极品,,res://icon/treasure_innate/inn_020.png,high,仙品,orb,orb_normal.png,orb_top.png
inn_021,道品下品本命剑,本命法宝,treasure_innate,道品,下品,,res://icon/treasure_innate/inn_021.png,high,道品,sword,sword_normal.png,sword_top.png
inn_022,道品中品本命塔,本命法宝,treasure_innate,道品,中品,,res://icon/treasure_innate/inn_022.png,high,道品,tower,tower_normal.png,tower_top.png
inn_023,道品上品本命镜,本命法宝,treasure_innate,道品,上品,,res://icon/treasure_innate/inn_023.png,high,道品,mirror,mirror_normal.png,mirror_top.png
inn_024,道品极品本命幡,本命法宝,treasure_innate,道品,极品,,res://icon/treasure_innate/inn_024.png,high,道品,flag,flag_normal.png,flag_top.png
inn_025,道品下品本命珠,本命法宝,treasure_innate,道品,下品,,res://icon/treasure_innate/inn_025.png,high,道品,orb,orb_normal.png,orb_top.png
tr_001,凡品下品赤焰珠,普通法宝,treasure,凡品,下品,攻击类,res://icon/treasure/tr_001.png,low,凡品,treasure_atk,treasure_atk_normal.png,treasure_atk_top.png
tr_002,凡品中品玄武镜,普通法宝,treasure,凡品,中品,防御类,res://icon/treasure/tr_002.png,low,凡品,treasure_def,treasure_def_normal.png,treasure_def_top.png
tr_003,凡品上品聚灵葫,普通法宝,treasure,凡品,上品,辅助类,res://icon/treasure/tr_003.png,low,凡品,treasure_sup,treasure_sup_normal.png,treasure_sup_top.png
tr_004,凡品极品赤焰珠,普通法宝,treasure,凡品,极品,攻击类,res://icon/treasure/tr_004.png,low,凡品,treasure_atk,treasure_atk_normal.png,treasure_atk_top.png
tr_005,灵品下品玄武镜,普通法宝,treasure,灵品,下品,防御类,res://icon/treasure/tr_005.png,low,灵品,treasure_def,treasure_def_normal.png,treasure_def_top.png
tr_006,灵品中品聚灵葫,普通法宝,treasure,灵品,中品,辅助类,res://icon/treasure/tr_006.png,low,灵品,treasure_sup,treasure_sup_normal.png,treasure_sup_top.png
tr_007,灵品上品赤焰珠,普通法宝,treasure,灵品,上品,攻击类,res://icon/treasure/tr_007.png,low,灵品,treasure_atk,treasure_atk_normal.png,treasure_atk_top.png
tr_008,灵品极品玄武镜,普通法宝,treasure,灵品,极品,防御类,res://icon/treasure/tr_008.png,low,灵品,treasure_def,treasure_def_normal.png,treasure_def_top.png
tr_009,宝品下品聚灵葫,普通法宝,treasure,宝品,下品,辅助类,res://icon/treasure/tr_009.png,mid,宝品,treasure_sup,treasure_sup_normal.png,treasure_sup_top.png
tr_010,宝品中品赤焰珠,普通法宝,treasure,宝品,中品,攻击类,res://icon/treasure/tr_010.png,mid,宝品,treasure_atk,treasure_atk_normal.png,treasure_atk_top.png
tr_011,宝品上品玄武镜,普通法宝,treasure,宝品,上品,防御类,res://icon/treasure/tr_011.png,mid,宝品,treasure_def,treasure_def_normal.png,treasure_def_top.png
tr_012,宝品极品聚灵葫,普通法宝,treasure,宝品,极品,辅助类,res://icon/treasure/tr_012.png,mid,宝品,treasure_sup,treasure_sup_normal.png,treasure_sup_top.png
tr_013,王品下品赤焰珠,普通法宝,treasure,王品,下品,攻击类,res://icon/treasure/tr_013.png,mid,王品,treasure_atk,treasure_atk_normal.png,treasure_atk_top.png
tr_014,王品中品玄武镜,普通法宝,treasure,王品,中品,防御类,res://icon/treasure/tr_014.png,mid,王品,treasure_def,treasure_def_normal.png,treasure_def_top.png
tr_015,王品上品聚灵葫,普通法宝,treasure,王品,上品,辅助类,res://icon/treasure/tr_015.png,mid,王品,treasure_sup,treasure_sup_normal.png,treasure_sup_top.png
tr_016,王品极品赤焰珠,普通法宝,treasure,王品,极品,攻击类,res://icon/treasure/tr_016.png,mid,王品,treasure_atk,treasure_atk_normal.png,treasure_atk_top.png
tr_017,圣品下品玄武镜,普通法宝,treasure,圣品,下品,防御类,res://icon/treasure/tr_017.png,mid,圣品,treasure_def,treasure_def_normal.png,treasure_def_top.png
tr_018,圣品中品聚灵葫,普通法宝,treasure,圣品,中品,辅助类,res://icon/treasure/tr_018.png,mid,圣品,treasure_sup,treasure_sup_normal.png,treasure_sup_top.png
tr_019,圣品上品赤焰珠,普通法宝,treasure,圣品,上品,攻击类,res://icon/treasure/tr_019.png,mid,圣品,treasure_atk,treasure_atk_normal.png,treasure_atk_top.png
tr_020,圣品极品玄武镜,普通法宝,treasure,圣品,极品,防御类,res://icon/treasure/tr_020.png,mid,圣品,treasure_def,treasure_def_normal.png,treasure_def_top.png
tr_021,仙品下品聚灵葫,普通法宝,treasure,仙品,下品,辅助类,res://icon/treasure/tr_021.png,high,仙品,treasure_sup,treasure_sup_normal.png,treasure_sup_top.png
tr_022,仙品中品赤焰珠,普通法宝,treasure,仙品,中品,攻击类,res://icon/treasure/tr_022.png,high,仙品,treasure_atk,treasure_atk_normal.png,treasure_atk_top.png
tr_023,仙品上品玄武镜,普通法宝,treasure,仙品,上品,防御类,res://icon/treasure/tr_023.png,high,仙品,treasure_def,treasure_def_normal.png,treasure_def_top.png
tr_024,仙品极品聚灵葫,普通法宝,treasure,仙品,极品,辅助类,res://icon/treasure/tr_024.png,high,仙品,treasure_sup,treasure_sup_normal.png,treasure_sup_top.png
tr_025,道品下品赤焰珠,普通法宝,treasure,道品,下品,攻击类,res://icon/treasure/tr_025.png,high,道品,treasure_atk,treasure_atk_normal.png,treasure_atk_top.png
tr_026,道品中品玄武镜,普通法宝,treasure,道品,中品,防御类,res://icon/treasure/tr_026.png,high,道品,treasure_def,treasure_def_normal.png,treasure_def_top.png
tr_027,道品上品聚灵葫,普通法宝,treasure,道品,上品,辅助类,res://icon/treasure/tr_027.png,high,道品,treasure_sup,treasure_sup_normal.png,treasure_sup_top.png
tr_028,道品极品赤焰珠,普通法宝,treasure,道品,极品,攻击类,res://icon/treasure/tr_028.png,high,道品,treasure_atk,treasure_atk_normal.png,treasure_atk_top.png
tr_029,凡品下品玄武镜·异,普通法宝,treasure,凡品,下品,防御类,res://icon/treasure/tr_029.png,low,凡品,treasure_def,treasure_def_normal.png,treasure_def_top.png
tr_030,灵品上品玄武镜·异,普通法宝,treasure,灵品,上品,防御类,res://icon/treasure/tr_030.png,low,灵品,treasure_def,treasure_def_normal.png,treasure_def_top.png
tr_031,凡品下品玄武镜·异,普通法宝,treasure,凡品,下品,防御类,res://icon/treasure/tr_031.png,low,凡品,treasure_def,treasure_def_normal.png,treasure_def_top.png
tr_032,灵品上品玄武镜·异,普通法宝,treasure,灵品,上品,防御类,res://icon/treasure/tr_032.png,low,灵品,treasure_def,treasure_def_normal.png,treasure_def_top.png
tr_033,凡品下品玄武镜·异,普通法宝,treasure,凡品,下品,防御类,res://icon/treasure/tr_033.png,low,凡品,treasure_def,treasure_def_normal.png,treasure_def_top.png
tr_034,灵品上品玄武镜·异,普通法宝,treasure,灵品,上品,防御类,res://icon/treasure/tr_034.png,low,灵品,treasure_def,treasure_def_normal.png,treasure_def_top.png
tr_035,凡品下品玄武镜·异,普通法宝,treasure,凡品,下品,防御类,res://icon/treasure/tr_035.png,low,凡品,treasure_def,treasure_def_normal.png,treasure_def_top.png
tr_036,灵品上品玄武镜·异,普通法宝,treasure,灵品,上品,防御类,res://icon/treasure/tr_036.png,low,灵品,treasure_def,treasure_def_normal.png,treasure_def_top.png
ti_001,九转渡劫丹,渡劫道具,tribulation,,,渡劫丹,res://icon/tribulation/ti_001.png,low,,tribulation,tribulation_normal.png,tribulation_top.png
ti_002,周天护劫大阵,渡劫道具,tribulation,,,护阵,res://icon/tribulation/ti_002.png,low,,tribulation,tribulation_normal.png,tribulation_top.png
ti_003,长老护法,渡劫道具,tribulation,,,长老护法,res://icon/tribulation/ti_003.png,low,,tribulation,tribulation_normal.png,tribulation_top.png
ti_004,玄龟镇劫甲,渡劫道具,tribulation,,,防御法宝,res://icon/tribulation/ti_004.png,low,,tribulation,tribulation_normal.png,tribulation_top.png
q_xuanji,玄极令,任务道具,quest,,,主线信物,res://icon/quest/q_xuanji.png,low,,quest,quest_normal.png,quest_top.png
q_xuanji_frag_l,玄极令·残片（左）,任务道具,quest,,,任务碎片,res://icon/quest/q_xuanji_frag_l.png,low,,quest,quest_normal.png,quest_top.png
q_xuanji_frag_r,玄极令·残片（右）,任务道具,quest,,,任务碎片,res://icon/quest/q_xuanji_frag_r.png,low,,quest,quest_normal.png,quest_top.png
inn_026,凡品本命剑,本命法宝,treasure_innate,凡品,,剑类,res://icon/treasure_innate/inn_026.png,low,凡品,sword,sword_normal.png,
inn_027,凡品本命塔,本命法宝,treasure_innate,凡品,,塔类,res://icon/treasure_innate/inn_027.png,low,凡品,tower,tower_normal.png,
inn_028,凡品本命镜,本命法宝,treasure_innate,凡品,,镜类,res://icon/treasure_innate/inn_028.png,low,凡品,mirror,mirror_normal.png,
inn_029,凡品本命珠,本命法宝,treasure_innate,凡品,,珠类,res://icon/treasure_innate/inn_029.png,low,凡品,orb,orb_normal.png,
inn_030,凡品本命幡,本命法宝,treasure_innate,凡品,,幡类,res://icon/treasure_innate/inn_030.png,low,凡品,flag,flag_normal.png,
ti_005,宝品渡劫丹,渡劫道具,tribulation,宝品,,丹类,res://icon/tribulation/ti_005.png,mid,宝品,tribulation,tribulation_normal.png,
ti_006,王品护劫阵,渡劫道具,tribulation,王品,,阵类,res://icon/tribulation/ti_006.png,mid,王品,tribulation,tribulation_normal.png,
q_004,宝品玄极令,任务道具,quest,宝品,,令类,res://icon/quest/q_004.png,mid,宝品,quest,quest_normal.png,
q_005,王品玄极残片,任务道具,quest,王品,,残片类,res://icon/quest/q_005.png,mid,王品,quest,quest_normal.png,
item_037,仙品五行阵图,阵图,array,仙品,,阵类,res://icon/array/book/item_037.png,high,仙品,array_book,array_book_normal.png,array_book_top.png
item_038,道品聚灵阵图,阵图,array,道品,,阵类,res://icon/array/book/item_038.png,high,道品,array_book,array_book_normal.png,array_book_top.png
ti_007,仙品九转丹,渡劫道具,tribulation,仙品,,丹类,res://icon/tribulation/ti_007.png,high,仙品,tribulation,tribulation_normal.png,tribulation_top.png
q_006,仙品玄极令,任务道具,quest,仙品,,令类,res://icon/quest/q_006.png,high,仙品,quest,quest_normal.png,quest_top.png
