pet_id,pet_name,grade,sub_grade,pet_type,unlock_realm,active_skill,passive_buff,passive_value,daily_output,obtain_way,max_level,feed_cost_per_day,base_lifespan_year,skill_effect_type,skill_trigger_rate,skill_cooldown,skill_effect_value,is_skill_active,fallback_defense_bonus
pet_001,灵兔,凡品,下品,产出辅助,练气初期,低概率产出低级灵草,灵田产出提升,2%,凡品灵草×1,新手赠送/山林捕捉,10,2,5,,0,0,0,false,
pet_002,灵兔,凡品,中品,产出辅助,练气中期,低概率产出低级灵草,灵田产出提升,2.5%,凡品灵草×1,山林捕捉,12,3,6,,0,0,0,false,
pet_003,灵兔,凡品,上品,产出辅助,练气后期,中概率产出低级灵草,灵田产出提升,3%,凡品灵草×1+灵米×1,山林捕捉,15,4,7,,0,0,0,false,
pet_004,灵兔,凡品,极品,产出辅助,练气巅峰,中概率产出低级灵草,灵田产出提升,3.5%,凡品灵草×2,山林稀有捕捉,18,5,8,,0,0,0,false,
pet_005,灵鹤,灵品,下品,代步辅助,筑基初期,短距离快速飞行,外出任务速度提升,7%,鹤羽×1,山林驯服/秘境掉落,20,5,15,,0,0,0,false,
pet_006,灵鹤,灵品,中品,代步辅助,筑基中期,中距离快速飞行,外出任务速度提升,9%,鹤羽×1,山林驯服,23,6,17,,0,0,0,false,
pet_007,灵鹤,灵品,上品,代步辅助,筑基后期,长距离快速飞行,外出任务速度提升,11%,鹤羽×2,秘境掉落,26,7,20,,0,0,0,false,
pet_008,灵鹤,灵品,极品,代步辅助,筑基巅峰,长距离快速飞行,外出任务速度提升,13%,鹤羽×2+鹤魂晶×1,秘境稀有掉落,30,8,23,,0,0,0,false,
pet_009,玄甲兽,灵品,下品,驮运防御,筑基初期,驮运货物抵御低阶袭击,商队货损降低,3%,玄甲片×1,妖兽山驯服,20,8,18,,0,0,0,false,
pet_010,玄甲兽,灵品,上品,驮运防御,筑基后期,驮运货物抵御中阶袭击,商队货损降低,5%,玄甲片×1,妖兽山驯服,26,11,22,,0,0,0,false,
pet_011,青纹狼,灵品,下品,战斗辅助,筑基初期,撕咬敌方造成物理伤害,战斗攻击力提升,4%,狼皮×1,山林驯服/秘境掉落,20,7,16,,0,0,0,false,
pet_012,青纹狼,灵品,极品,战斗辅助,筑基巅峰,撕咬敌方造成物理伤害,战斗攻击力提升,7%,狼皮×2,秘境精英掉落,30,10,20,,0,0,0,false,
pet_013,火灵狐,宝品,下品,丹道辅助,金丹初期,狐火助燃提升炼丹效率,炼丹成功率提升,3%,狐火晶×1,秘境收服/奇遇获取,30,15,30,,0,0,0,false,
pet_014,火灵狐,宝品,中品,丹道辅助,金丹中期,狐火助燃提升炼丹效率,炼丹成功率提升,4%,狐火晶×1,秘境收服,35,18,35,,0,0,0,false,
pet_015,火灵狐,宝品,上品,丹道辅助,金丹后期,狐火助燃提升炼丹效率,炼丹成功率提升,5%,狐火晶×1+灵狐皮×1,高阶秘境收服,40,20,40,,0,0,0,false,
pet_016,火灵狐,宝品,极品,丹道辅助,金丹巅峰,狐火助燃附加火系伤害,炼丹成功率提升,6%,狐火晶×2,秘境BOSS收服,45,25,45,,0,0,0,false,
pet_017,金翅鹏,王品,下品,飞行战斗,元婴初期,高空俯冲攻击,商路速度提升+先手率提升,20%+10%,鹏羽×1,高阶秘境收服,40,30,60,,0,0,0,false,
pet_018,金翅鹏,王品,中品,飞行战斗,元婴中期,高空俯冲攻击,商路速度提升+先手率提升,25%+12%,鹏羽×1,高阶秘境收服,45,35,65,,0,0,0,false,
pet_019,金翅鹏,王品,上品,飞行战斗,元婴后期,高空俯冲群体攻击,商路速度提升+先手率提升,30%+15%,鹏羽×2,顶级秘境收服,50,40,70,,0,0,0,false,
pet_020,金翅鹏,王品,极品,飞行战斗,元婴巅峰,高空俯冲群体攻击,商路速度提升+先手率提升,35%+18%,鹏羽×2+金翅精血×1,秘境传说收服,55,45,80,,0,0,0,false,
pet_021,玄水龟,王品,下品,防御驮运,元婴初期,玄水护盾抵挡伤害,商队货损降低+护山大阵加成,12%+3%,龟甲×1,深海秘境收服,40,25,80,,0,0,0,false,
pet_022,玄水龟,王品,上品,防御驮运,元婴后期,玄水护盾全队减伤,商队货损降低+护山大阵加成,20%+5%,龟甲×1+玄水珠×1,深海秘境收服,50,35,100,,0,0,0,false,
pet_023,雷灵豹,王品,上品,战斗辅助,元婴后期,雷系扑击麻痹目标,战斗暴击率提升,10%,雷豹筋×1,雷系秘境收服,50,38,75,,0,0,0,false,
pet_024,麒麟幼崽,圣品,下品,全宗增益,化神初期,祥瑞之气小幅提升气运,全宗修炼速度提升,3%,麒麟鳞×1,传说奇遇/顶级秘境,50,80,200,,0,0,0,false,
pet_025,麒麟幼崽,圣品,中品,全宗增益,化神中期,祥瑞之气提升气运,全宗修炼速度提升,4%,麒麟鳞×1,顶级秘境收服,55,90,220,,0,0,0,false,
pet_026,麒麟幼崽,圣品,上品,全宗增益,化神后期,祥瑞之气大幅提升气运,全宗修炼速度提升+气运提升,5%+10%,麒麟鳞×1,终极奇遇,60,100,250,,0,0,0,false,
pet_027,麒麟幼崽,圣品,极品,全宗增益,化神巅峰,祥瑞之气笼罩全宗,全宗修炼速度提升+全属性提升,5%+5%,麒麟鳞×2,大道奇遇,65,120,300,,0,0,0,false,
pet_028,玄冰蛟,仙品,上品,战斗辅助,炼虚后期,玄冰吐息冻结群体,全队冰系伤害提升,15%,蛟鳞×1,极寒秘境传承,70,150,400,,0,0,0,false,
pet_029,真龙幼崽,道品,下品,全宗增益,合体期,龙威浩荡震慑敌方,全宗全属性提升,8%,龙鳞×1,终极传承,80,200,500,,0,0,0,false,
pet_030,真龙幼崽,道品,极品,全宗增益,渡劫期,真龙之威护佑全宗,全宗全属性提升+突破加成,10%+3%,龙鳞×2+龙元×1,大道本源传承,100,300,800,,0,0,0,false,
